--2026-06-03 06:30:29--  https://github.com/babylm/babylm.github.io/raw/main/babylm_data.zip
正在解析主机 github.com (github.com)... 20.205.243.166
正在连接 github.com (github.com)|20.205.243.166|:443... 已连接。
已发出 HTTP 请求，正在等待回应... 302 Found
位置：https://media.githubusercontent.com/media/babylm/babylm.github.io/main/babylm_data.zip [跟随至新的 URL]
--2026-06-03 06:30:30--  https://media.githubusercontent.com/media/babylm/babylm.github.io/main/babylm_data.zip
正在解析主机 media.githubusercontent.com (media.githubusercontent.com)... 185.199.110.133, 185.199.111.133, 185.199.108.133, ...
正在连接 media.githubusercontent.com (media.githubusercontent.com)|185.199.110.133|:443... 已连接。
已发出 HTTP 请求，正在等待回应... 200 OK
长度： 253170132 (241M) [application/zip]
正在保存至: ‘babylm_data.zip’

     0K .......... .......... .......... .......... ..........  0%  538K 7m40s
    50K .......... .......... .......... .......... ..........  0% 1.59M 5m6s
   100K .......... .......... .......... .......... ..........  0%  837K 5m2s
   150K .......... .......... .......... .......... ..........  0% 2.34M 4m12s
   200K .......... .......... .......... .......... ..........  0% 3.39M 3m36s
   250K .......... .......... .......... .......... ..........  0% 1.28M 3m31s
   300K .......... .......... .......... .......... ..........  0% 4.13M 3m9s
   350K .......... .......... .......... .......... ..........  0% 4.34M 2m53s
   400K .......... .......... .......... .......... ..........  0% 5.53M 2m38s
   450K .......... .......... .......... .......... ..........  0% 6.58M 2m26s
   500K .......... .......... .......... .......... ..........  0% 5.29M 2m17s
   550K .......... .......... .......... .......... ..........  0% 9.25M 2m8s
   600K .......... .......... .......... .......... ..........  0% 1.52M 2m10s
   650K .......... .......... .......... .......... ..........  0% 6.93M 2m3s
   700K .......... .......... .......... .......... ..........  0% 8.48M 1m57s
   750K .......... .......... .......... .......... ..........  0% 8.08M 1m51s
   800K .......... .......... .......... .......... ..........  0% 10.9M 1m46s
   850K .......... .......... .......... .......... ..........  0% 11.4M 1m41s
   900K .......... .......... .......... .......... ..........  0% 13.1M 97s
   950K .......... .......... .......... .......... ..........  0% 13.1M 93s
  1000K .......... .......... .......... .......... ..........  0% 10.2M 90s
  1050K .......... .......... .......... .......... ..........  0% 12.6M 86s
  1100K .......... .......... .......... .......... ..........  0% 13.1M 83s
  1150K .......... .......... .......... .......... ..........  0% 17.8M 81s
  1200K .......... .......... .......... .......... ..........  0% 2.57M 81s
  1250K .......... .......... .......... .......... ..........  0% 3.59M 80s
  1300K .......... .......... .......... .......... ..........  0% 17.0M 78s
  1350K .......... .......... .......... .......... ..........  0% 13.0M 76s
  1400K .......... .......... .......... .......... ..........  0% 16.4M 74s
  1450K .......... .......... .......... .......... ..........  0% 29.5M 72s
  1500K .......... .......... .......... .......... ..........  0% 13.3M 70s
  1550K .......... .......... .......... .......... ..........  0% 21.3M 68s
  1600K .......... .......... .......... .......... ..........  0% 13.3M 66s
  1650K .......... .......... .......... .......... ..........  0% 20.3M 65s
  1700K .......... .......... .......... .......... ..........  0% 23.8M 63s
  1750K .......... .......... .......... .......... ..........  0% 19.4M 62s
  1800K .......... .......... .......... .......... ..........  0% 23.3M 60s
  1850K .......... .......... .......... .......... ..........  0% 19.3M 59s
  1900K .......... .......... .......... .......... ..........  0% 24.3M 58s
  1950K .......... .......... .......... .......... ..........  0% 22.0M 57s
  2000K .......... .......... .......... .......... ..........  0% 29.0M 55s
  2050K .......... .......... .......... .......... ..........  0% 20.6M 54s
  2100K .......... .......... .......... .......... ..........  0% 25.4M 53s
  2150K .......... .......... .......... .......... ..........  0% 25.6M 52s
  2200K .......... .......... .......... .......... ..........  0% 26.1M 51s
  2250K .......... .......... .......... .......... ..........  0% 22.3M 50s
  2300K .......... .......... .......... .......... ..........  0% 31.5M 50s
  2350K .......... .......... .......... .......... ..........  0% 44.3M 49s
  2400K .......... .......... .......... .......... ..........  0% 27.1M 48s
  2450K .......... .......... .......... .......... ..........  1% 20.0M 47s
  2500K .......... .......... .......... .......... ..........  1% 3.08M 48s
  2550K .......... .......... .......... .......... ..........  1% 4.09M 48s
  2600K .......... .......... .......... .......... ..........  1% 33.2M 47s
  2650K .......... .......... .......... .......... ..........  1% 32.6M 46s
  2700K .......... .......... .......... .......... ..........  1% 18.9M 46s
  2750K .......... .......... .......... .......... ..........  1% 26.2M 45s
  2800K .......... .......... .......... .......... ..........  1% 35.3M 44s
  2850K .......... .......... .......... .......... ..........  1% 42.0M 44s
  2900K .......... .......... .......... .......... ..........  1% 26.6M 43s
  2950K .......... .......... .......... .......... ..........  1% 47.6M 42s
  3000K .......... .......... .......... .......... ..........  1% 31.5M 42s
  3050K .......... .......... .......... .......... ..........  1% 32.4M 41s
  3100K .......... .......... .......... .......... ..........  1% 45.0M 41s
  3150K .......... .......... .......... .......... ..........  1% 45.5M 40s
  3200K .......... .......... .......... .......... ..........  1% 20.5M 40s
  3250K .......... .......... .......... .......... ..........  1%  120M 39s
  3300K .......... .......... .......... .......... ..........  1% 31.5M 39s
  3350K .......... .......... .......... .......... ..........  1% 28.0M 38s
  3400K .......... .......... .......... .......... ..........  1% 61.3M 38s
  3450K .......... .......... .......... .......... ..........  1% 30.4M 37s
  3500K .......... .......... .......... .......... ..........  1% 23.7M 37s
  3550K .......... .......... .......... .......... ..........  1% 38.6M 36s
  3600K .......... .......... .......... .......... ..........  1%  119M 36s
  3650K .......... .......... .......... .......... ..........  1% 33.5M 36s
  3700K .......... .......... .......... .......... ..........  1% 34.0M 35s
  3750K .......... .......... .......... .......... ..........  1% 44.8M 35s
  3800K .......... .......... .......... .......... ..........  1% 51.4M 34s
  3850K .......... .......... .......... .......... ..........  1% 51.2M 34s
  3900K .......... .......... .......... .......... ..........  1% 48.0M 34s
  3950K .......... .......... .......... .......... ..........  1% 45.1M 33s
  4000K .......... .......... .......... .......... ..........  1% 53.3M 33s
  4050K .......... .......... .......... .......... ..........  1% 58.5M 33s
  4100K .......... .......... .......... .......... ..........  1% 44.2M 32s
  4150K .......... .......... .......... .......... ..........  1% 56.6M 32s
  4200K .......... .......... .......... .......... ..........  1% 40.0M 32s
  4250K .......... .......... .......... .......... ..........  1% 39.4M 31s
  4300K .......... .......... .......... .......... ..........  1% 51.6M 31s
  4350K .......... .......... .......... .......... ..........  1% 49.5M 31s
  4400K .......... .......... .......... .......... ..........  1% 49.0M 30s
  4450K .......... .......... .......... .......... ..........  1% 51.5M 30s
  4500K .......... .......... .......... .......... ..........  1% 54.0M 30s
  4550K .......... .......... .......... .......... ..........  1% 39.0M 29s
  4600K .......... .......... .......... .......... ..........  1% 82.2M 29s
  4650K .......... .......... .......... .......... ..........  1% 53.1M 29s
  4700K .......... .......... .......... .......... ..........  1% 53.8M 29s
  4750K .......... .......... .......... .......... ..........  1% 52.0M 28s
  4800K .......... .......... .......... .......... ..........  1%  132M 28s
  4850K .......... .......... .......... .......... ..........  1% 42.0M 28s
  4900K .......... .......... .......... .......... ..........  2% 85.7M 28s
  4950K .......... .......... .......... .......... ..........  2% 25.9M 27s
  5000K .......... .......... .......... .......... ..........  2% 79.4M 27s
  5050K .......... .......... .......... .......... ..........  2% 86.7M 27s
  5100K .......... .......... .......... .......... ..........  2% 3.36M 27s
  5150K .......... .......... .......... .......... ..........  2% 50.1M 27s
  5200K .......... .......... .......... .......... ..........  2% 4.57M 27s
  5250K .......... .......... .......... .......... ..........  2% 20.0M 27s
  5300K .......... .......... .......... .......... ..........  2% 79.6M 27s
  5350K .......... .......... .......... .......... ..........  2% 90.4M 27s
  5400K .......... .......... .......... .......... ..........  2% 72.8M 27s
  5450K .......... .......... .......... .......... ..........  2% 29.2M 26s
  5500K .......... .......... .......... .......... ..........  2% 76.8M 26s
  5550K .......... .......... .......... .......... ..........  2% 69.4M 26s
  5600K .......... .......... .......... .......... ..........  2% 66.3M 26s
  5650K .......... .......... .......... .......... ..........  2% 60.3M 26s
  5700K .......... .......... .......... .......... ..........  2% 31.9M 25s
  5750K .......... .......... .......... .......... ..........  2% 99.3M 25s
  5800K .......... .......... .......... .......... ..........  2% 89.6M 25s
  5850K .......... .......... .......... .......... ..........  2% 88.1M 25s
  5900K .......... .......... .......... .......... ..........  2% 68.0M 25s
  5950K .......... .......... .......... .......... ..........  2% 68.2M 24s
  6000K .......... .......... .......... .......... ..........  2% 87.6M 24s
  6050K .......... .......... .......... .......... ..........  2% 50.7M 24s
  6100K .......... .......... .......... .......... ..........  2% 86.2M 24s
  6150K .......... .......... .......... .......... ..........  2% 71.5M 24s
  6200K .......... .......... .......... .......... ..........  2% 85.9M 24s
  6250K .......... .......... .......... .......... ..........  2% 77.8M 23s
  6300K .......... .......... .......... .......... ..........  2% 67.7M 23s
  6350K .......... .......... .......... .......... ..........  2% 69.8M 23s
  6400K .......... .......... .......... .......... ..........  2% 78.4M 23s
  6450K .......... .......... .......... .......... ..........  2% 30.7M 23s
  6500K .......... .......... .......... .......... ..........  2% 89.1M 23s
  6550K .......... .......... .......... .......... ..........  2% 81.8M 22s
  6600K .......... .......... .......... .......... ..........  2%  114M 22s
  6650K .......... .......... .......... .......... ..........  2% 59.3M 22s
  6700K .......... .......... .......... .......... ..........  2%  126M 22s
  6750K .......... .......... .......... .......... ..........  2%  123M 22s
  6800K .......... .......... .......... .......... ..........  2% 48.8M 22s
  6850K .......... .......... .......... .......... ..........  2%  125M 22s
  6900K .......... .......... .......... .......... ..........  2% 32.5M 21s
  6950K .......... .......... .......... .......... ..........  2%  107M 21s
  7000K .......... .......... .......... .......... ..........  2% 28.8M 21s
  7050K .......... .......... .......... .......... ..........  2%  124M 21s
  7100K .......... .......... .......... .......... ..........  2%  125M 21s
  7150K .......... .......... .......... .......... ..........  2%  113M 21s
  7200K .......... .......... .......... .......... ..........  2% 88.6M 21s
  7250K .......... .......... .......... .......... ..........  2%  105M 21s
  7300K .......... .......... .......... .......... ..........  2% 68.0M 20s
  7350K .......... .......... .......... .......... ..........  2% 80.4M 20s
  7400K .......... .......... .......... .......... ..........  3% 89.1M 20s
  7450K .......... .......... .......... .......... ..........  3% 73.9M 20s
  7500K .......... .......... .......... .......... ..........  3% 88.4M 20s
  7550K .......... .......... .......... .......... ..........  3% 76.5M 20s
  7600K .......... .......... .......... .......... ..........  3% 81.1M 20s
  7650K .......... .......... .......... .......... ..........  3% 86.1M 20s
  7700K .......... .......... .......... .......... ..........  3% 88.6M 19s
  7750K .......... .......... .......... .......... ..........  3% 83.3M 19s
  7800K .......... .......... .......... .......... ..........  3% 68.9M 19s
  7850K .......... .......... .......... .......... ..........  3% 71.2M 19s
  7900K .......... .......... .......... .......... ..........  3% 81.5M 19s
  7950K .......... .......... .......... .......... ..........  3% 93.9M 19s
  8000K .......... .......... .......... .......... ..........  3%  110M 19s
  8050K .......... .......... .......... .......... ..........  3% 91.6M 19s
  8100K .......... .......... .......... .......... ..........  3% 76.6M 19s
  8150K .......... .......... .......... .......... ..........  3% 65.5M 19s
  8200K .......... .......... .......... .......... ..........  3% 88.3M 18s
  8250K .......... .......... .......... .......... ..........  3% 83.8M 18s
  8300K .......... .......... .......... .......... ..........  3%  109M 18s
  8350K .......... .......... .......... .......... ..........  3% 84.2M 18s
  8400K .......... .......... .......... .......... ..........  3%  127M 18s
  8450K .......... .......... .......... .......... ..........  3% 86.0M 18s
  8500K .......... .......... .......... .......... ..........  3% 88.1M 18s
  8550K .......... .......... .......... .......... ..........  3% 81.5M 18s
  8600K .......... .......... .......... .......... ..........  3% 35.0M 18s
  8650K .......... .......... .......... .......... ..........  3% 37.6M 18s
  8700K .......... .......... .......... .......... ..........  3% 32.0M 18s
  8750K .......... .......... .......... .......... ..........  3% 83.7M 17s
  8800K .......... .......... .......... .......... ..........  3%  120M 17s
  8850K .......... .......... .......... .......... ..........  3% 99.4M 17s
  8900K .......... .......... .......... .......... ..........  3% 94.2M 17s
  8950K .......... .......... .......... .......... ..........  3% 34.7M 17s
  9000K .......... .......... .......... .......... ..........  3% 47.8M 17s
  9050K .......... .......... .......... .......... ..........  3% 57.4M 17s
  9100K .......... .......... .......... .......... ..........  3% 45.7M 17s
  9150K .......... .......... .......... .......... ..........  3% 51.2M 17s
  9200K .......... .......... .......... .......... ..........  3%  101M 17s
  9250K .......... .......... .......... .......... ..........  3% 3.09M 17s
  9300K .......... .......... .......... .......... ..........  3% 72.8M 17s
  9350K .......... .......... .......... .......... ..........  3% 45.3M 17s
  9400K .......... .......... .......... .......... ..........  3% 5.60M 17s
  9450K .......... .......... .......... .......... ..........  3% 16.8M 17s
  9500K .......... .......... .......... .......... ..........  3% 53.2M 17s
  9550K .......... .......... .......... .......... ..........  3% 43.2M 17s
  9600K .......... .......... .......... .......... ..........  3% 38.1M 17s
  9650K .......... .......... .......... .......... ..........  3% 72.9M 17s
  9700K .......... .......... .......... .......... ..........  3% 67.7M 17s
  9750K .......... .......... .......... .......... ..........  3% 64.9M 17s
  9800K .......... .......... .......... .......... ..........  3%  109M 17s
  9850K .......... .......... .......... .......... ..........  4% 68.8M 17s
  9900K .......... .......... .......... .......... ..........  4% 40.3M 16s
  9950K .......... .......... .......... .......... ..........  4% 57.2M 16s
 10000K .......... .......... .......... .......... ..........  4% 42.9M 16s
 10050K .......... .......... .......... .......... ..........  4% 86.8M 16s
 10100K .......... .......... .......... .......... ..........  4% 86.9M 16s
 10150K .......... .......... .......... .......... ..........  4% 72.6M 16s
 10200K .......... .......... .......... .......... ..........  4% 68.2M 16s
 10250K .......... .......... .......... .......... ..........  4% 81.2M 16s
 10300K .......... .......... .......... .......... ..........  4% 62.7M 16s
 10350K .......... .......... .......... .......... ..........  4% 66.3M 16s
 10400K .......... .......... .......... .......... ..........  4% 70.6M 16s
 10450K .......... .......... .......... .......... ..........  4% 73.5M 16s
 10500K .......... .......... .......... .......... ..........  4% 62.8M 16s
 10550K .......... .......... .......... .......... ..........  4% 69.7M 16s
 10600K .......... .......... .......... .......... ..........  4% 41.8M 16s
 10650K .......... .......... .......... .......... ..........  4% 70.1M 15s
 10700K .......... .......... .......... .......... ..........  4% 45.2M 15s
 10750K .......... .......... .......... .......... ..........  4%  106M 15s
 10800K .......... .......... .......... .......... ..........  4% 80.5M 15s
 10850K .......... .......... .......... .......... ..........  4%  128M 15s
 10900K .......... .......... .......... .......... ..........  4% 60.6M 15s
 10950K .......... .......... .......... .......... ..........  4%  123M 15s
 11000K .......... .......... .......... .......... ..........  4% 40.7M 15s
 11050K .......... .......... .......... .......... ..........  4%  113M 15s
 11100K .......... .......... .......... .......... ..........  4%  141M 15s
 11150K .......... .......... .......... .......... ..........  4% 25.8M 15s
 11200K .......... .......... .......... .......... ..........  4% 54.1M 15s
 11250K .......... .......... .......... .......... ..........  4%  130M 15s
 11300K .......... .......... .......... .......... ..........  4%  122M 15s
 11350K .......... .......... .......... .......... ..........  4%  126M 15s
 11400K .......... .......... .......... .......... ..........  4% 96.7M 15s
 11450K .......... .......... .......... .......... ..........  4%  132M 15s
 11500K .......... .......... .......... .......... ..........  4% 65.8M 15s
 11550K .......... .......... .......... .......... ..........  4% 70.5M 14s
 11600K .......... .......... .......... .......... ..........  4%  125M 14s
 11650K .......... .......... .......... .......... ..........  4% 84.3M 14s
 11700K .......... .......... .......... .......... ..........  4% 84.0M 14s
 11750K .......... .......... .......... .......... ..........  4% 54.2M 14s
 11800K .......... .......... .......... .......... ..........  4% 83.2M 14s
 11850K .......... .......... .......... .......... ..........  4%  118M 14s
 11900K .......... .......... .......... .......... ..........  4% 87.2M 14s
 11950K .......... .......... .......... .......... ..........  4%  105M 14s
 12000K .......... .......... .......... .......... ..........  4% 52.8M 14s
 12050K .......... .......... .......... .......... ..........  4% 84.0M 14s
 12100K .......... .......... .......... .......... ..........  4%  127M 14s
 12150K .......... .......... .......... .......... ..........  4% 76.6M 14s
 12200K .......... .......... .......... .......... ..........  4%  123M 14s
 12250K .......... .......... .......... .......... ..........  4% 54.9M 14s
 12300K .......... .......... .......... .......... ..........  4%  101M 14s
 12350K .......... .......... .......... .......... ..........  5% 46.7M 14s
 12400K .......... .......... .......... .......... ..........  5%  110M 14s
 12450K .......... .......... .......... .......... ..........  5%  131M 14s
 12500K .......... .......... .......... .......... ..........  5% 63.2M 14s
 12550K .......... .......... .......... .......... ..........  5% 97.9M 13s
 12600K .......... .......... .......... .......... ..........  5%  122M 13s
 12650K .......... .......... .......... .......... ..........  5%  136M 13s
 12700K .......... .......... .......... .......... ..........  5% 87.0M 13s
 12750K .......... .......... .......... .......... ..........  5% 41.1M 13s
 12800K .......... .......... .......... .......... ..........  5% 48.9M 13s
 12850K .......... .......... .......... .......... ..........  5% 43.1M 13s
 12900K .......... .......... .......... .......... ..........  5% 73.2M 13s
 12950K .......... .......... .......... .......... ..........  5%  115M 13s
 13000K .......... .......... .......... .......... ..........  5% 32.1M 13s
 13050K .......... .......... .......... .......... ..........  5%  112M 13s
 13100K .......... .......... .......... .......... ..........  5% 72.7M 13s
 13150K .......... .......... .......... .......... ..........  5% 43.2M 13s
 13200K .......... .......... .......... .......... ..........  5% 47.5M 13s
 13250K .......... .......... .......... .......... ..........  5% 59.9M 13s
 13300K .......... .......... .......... .......... ..........  5% 32.6M 13s
 13350K .......... .......... .......... .......... ..........  5% 42.4M 13s
 13400K .......... .......... .......... .......... ..........  5% 3.38M 13s
 13450K .......... .......... .......... .......... ..........  5%  123M 13s
 13500K .......... .......... .......... .......... ..........  5% 20.0M 13s
 13550K .......... .......... .......... .......... ..........  5%  104M 13s
 13600K .......... .......... .......... .......... ..........  5% 6.29M 13s
 13650K .......... .......... .......... .......... ..........  5% 28.7M 13s
 13700K .......... .......... .......... .......... ..........  5% 15.4M 13s
 13750K .......... .......... .......... .......... ..........  5%  113M 13s
 13800K .......... .......... .......... .......... ..........  5% 34.1M 13s
 13850K .......... .......... .......... .......... ..........  5%  126M 13s
 13900K .......... .......... .......... .......... ..........  5% 29.9M 13s
 13950K .......... .......... .......... .......... ..........  5% 80.9M 13s
 14000K .......... .......... .......... .......... ..........  5%  134M 13s
 14050K .......... .......... .......... .......... ..........  5%  116M 13s
 14100K .......... .......... .......... .......... ..........  5% 28.0M 13s
 14150K .......... .......... .......... .......... ..........  5% 97.8M 13s
 14200K .......... .......... .......... .......... ..........  5% 32.9M 13s
 14250K .......... .......... .......... .......... ..........  5%  122M 13s
 14300K .......... .......... .......... .......... ..........  5%  131M 13s
 14350K .......... .......... .......... .......... ..........  5% 53.8M 13s
 14400K .......... .......... .......... .......... ..........  5%  102M 13s
 14450K .......... .......... .......... .......... ..........  5%  139M 13s
 14500K .......... .......... .......... .......... ..........  5%  131M 12s
 14550K .......... .......... .......... .......... ..........  5%  127M 12s
 14600K .......... .......... .......... .......... ..........  5% 33.8M 12s
 14650K .......... .......... .......... .......... ..........  5%  117M 12s
 14700K .......... .......... .......... .......... ..........  5% 58.6M 12s
 14750K .......... .......... .......... .......... ..........  5%  115M 12s
 14800K .......... .......... .......... .......... ..........  6% 33.0M 12s
 14850K .......... .......... .......... .......... ..........  6% 37.4M 12s
 14900K .......... .......... .......... .......... ..........  6% 84.6M 12s
 14950K .......... .......... .......... .......... ..........  6%  126M 12s
 15000K .......... .......... .......... .......... ..........  6% 65.0M 12s
 15050K .......... .......... .......... .......... ..........  6%  108M 12s
 15100K .......... .......... .......... .......... ..........  6% 60.4M 12s
 15150K .......... .......... .......... .......... ..........  6% 64.1M 12s
 15200K .......... .......... .......... .......... ..........  6% 47.2M 12s
 15250K .......... .......... .......... .......... ..........  6%  106M 12s
 15300K .......... .......... .......... .......... ..........  6% 82.1M 12s
 15350K .......... .......... .......... .......... ..........  6% 52.7M 12s
 15400K .......... .......... .......... .......... ..........  6% 40.0M 12s
 15450K .......... .......... .......... .......... ..........  6% 76.4M 12s
 15500K .......... .......... .......... .......... ..........  6%  105M 12s
 15550K .......... .......... .......... .......... ..........  6%  151M 12s
 15600K .......... .......... .......... .......... ..........  6% 83.4M 12s
 15650K .......... .......... .......... .......... ..........  6%  114M 12s
 15700K .......... .......... .......... .......... ..........  6%  115M 12s
 15750K .......... .......... .......... .......... ..........  6%  132M 12s
 15800K .......... .......... .......... .......... ..........  6% 73.6M 12s
 15850K .......... .......... .......... .......... ..........  6% 74.7M 12s
 15900K .......... .......... .......... .......... ..........  6% 94.3M 12s
 15950K .......... .......... .......... .......... ..........  6%  124M 12s
 16000K .......... .......... .......... .......... ..........  6% 66.6M 12s
 16050K .......... .......... .......... .......... ..........  6% 59.7M 12s
 16100K .......... .......... .......... .......... ..........  6% 76.8M 11s
 16150K .......... .......... .......... .......... ..........  6% 90.3M 11s
 16200K .......... .......... .......... .......... ..........  6% 84.2M 11s
 16250K .......... .......... .......... .......... ..........  6%  103M 11s
 16300K .......... .......... .......... .......... ..........  6%  126M 11s
 16350K .......... .......... .......... .......... ..........  6%  107M 11s
 16400K .......... .......... .......... .......... ..........  6% 71.6M 11s
 16450K .......... .......... .......... .......... ..........  6% 82.4M 11s
 16500K .......... .......... .......... .......... ..........  6% 68.8M 11s
 16550K .......... .......... .......... .......... ..........  6% 42.3M 11s
 16600K .......... .......... .......... .......... ..........  6% 80.0M 11s
 16650K .......... .......... .......... .......... ..........  6% 60.0M 11s
 16700K .......... .......... .......... .......... ..........  6% 91.7M 11s
 16750K .......... .......... .......... .......... ..........  6% 75.5M 11s
 16800K .......... .......... .......... .......... ..........  6% 81.8M 11s
 16850K .......... .......... .......... .......... ..........  6% 76.9M 11s
 16900K .......... .......... .......... .......... ..........  6% 77.5M 11s
 16950K .......... .......... .......... .......... ..........  6% 80.6M 11s
 17000K .......... .......... .......... .......... ..........  6% 61.1M 11s
 17050K .......... .......... .......... .......... ..........  6% 75.1M 11s
 17100K .......... .......... .......... .......... ..........  6% 85.1M 11s
 17150K .......... .......... .......... .......... ..........  6% 84.9M 11s
 17200K .......... .......... .......... .......... ..........  6% 61.7M 11s
 17250K .......... .......... .......... .......... ..........  6% 39.4M 11s
 17300K .......... .......... .......... .......... ..........  7% 87.1M 11s
 17350K .......... .......... .......... .......... ..........  7% 76.4M 11s
 17400K .......... .......... .......... .......... ..........  7% 86.1M 11s
 17450K .......... .......... .......... .......... ..........  7% 40.9M 11s
 17500K .......... .......... .......... .......... ..........  7% 35.8M 11s
 17550K .......... .......... .......... .......... ..........  7% 28.9M 11s
 17600K .......... .......... .......... .......... ..........  7% 4.42M 11s
 17650K .......... .......... .......... .......... ..........  7% 12.5M 11s
 17700K .......... .......... .......... .......... ..........  7% 12.8M 11s
 17750K .......... .......... .......... .......... ..........  7% 7.68M 11s
 17800K .......... .......... .......... .......... ..........  7% 96.3M 11s
 17850K .......... .......... .......... .......... ..........  7% 33.8M 11s
 17900K .......... .......... .......... .......... ..........  7% 41.3M 11s
 17950K .......... .......... .......... .......... ..........  7% 17.5M 11s
 18000K .......... .......... .......... .......... ..........  7% 44.3M 11s
 18050K .......... .......... .......... .......... ..........  7% 54.6M 11s
 18100K .......... .......... .......... .......... ..........  7% 41.0M 11s
 18150K .......... .......... .......... .......... ..........  7% 58.2M 11s
 18200K .......... .......... .......... .......... ..........  7% 72.3M 11s
 18250K .......... .......... .......... .......... ..........  7% 40.0M 11s
 18300K .......... .......... .......... .......... ..........  7% 45.9M 11s
 18350K .......... .......... .......... .......... ..........  7% 33.5M 11s
 18400K .......... .......... .......... .......... ..........  7% 90.2M 11s
 18450K .......... .......... .......... .......... ..........  7% 63.6M 11s
 18500K .......... .......... .......... .......... ..........  7% 84.7M 11s
 18550K .......... .......... .......... .......... ..........  7% 83.5M 11s
 18600K .......... .......... .......... .......... ..........  7% 86.2M 11s
 18650K .......... .......... .......... .......... ..........  7% 77.0M 11s
 18700K .......... .......... .......... .......... ..........  7% 94.3M 11s
 18750K .......... .......... .......... .......... ..........  7% 87.3M 11s
 18800K .......... .......... .......... .......... ..........  7% 73.3M 11s
 18850K .......... .......... .......... .......... ..........  7% 82.2M 11s
 18900K .......... .......... .......... .......... ..........  7% 97.0M 10s
 18950K .......... .......... .......... .......... ..........  7% 72.3M 10s
 19000K .......... .......... .......... .......... ..........  7% 85.9M 10s
 19050K .......... .......... .......... .......... ..........  7% 27.3M 10s
 19100K .......... .......... .......... .......... ..........  7% 46.4M 10s
 19150K .......... .......... .......... .......... ..........  7%  108M 10s
 19200K .......... .......... .......... .......... ..........  7% 82.7M 10s
 19250K .......... .......... .......... .......... ..........  7%  103M 10s
 19300K .......... .......... .......... .......... ..........  7% 80.3M 10s
 19350K .......... .......... .......... .......... ..........  7% 88.4M 10s
 19400K .......... .......... .......... .......... ..........  7% 93.0M 10s
 19450K .......... .......... .......... .......... ..........  7% 64.1M 10s
 19500K .......... .......... .......... .......... ..........  7% 57.9M 10s
 19550K .......... .......... .......... .......... ..........  7% 43.6M 10s
 19600K .......... .......... .......... .......... ..........  7%  112M 10s
 19650K .......... .......... .......... .......... ..........  7% 35.0M 10s
 19700K .......... .......... .......... .......... ..........  7% 99.1M 10s
 19750K .......... .......... .......... .......... ..........  8% 90.1M 10s
 19800K .......... .......... .......... .......... ..........  8% 84.2M 10s
 19850K .......... .......... .......... .......... ..........  8% 81.3M 10s
 19900K .......... .......... .......... .......... ..........  8% 73.9M 10s
 19950K .......... .......... .......... .......... ..........  8% 81.1M 10s
 20000K .......... .......... .......... .......... ..........  8%  103M 10s
 20050K .......... .......... .......... .......... ..........  8%  108M 10s
 20100K .......... .......... .......... .......... ..........  8%  118M 10s
 20150K .......... .......... .......... .......... ..........  8% 83.3M 10s
 20200K .......... .......... .......... .......... ..........  8%  112M 10s
 20250K .......... .......... .......... .......... ..........  8%  100M 10s
 20300K .......... .......... .......... .......... ..........  8% 92.9M 10s
 20350K .......... .......... .......... .......... ..........  8% 85.8M 10s
 20400K .......... .......... .......... .......... ..........  8% 84.3M 10s
 20450K .......... .......... .......... .......... ..........  8% 50.5M 10s
 20500K .......... .......... .......... .......... ..........  8% 82.6M 10s
 20550K .......... .......... .......... .......... ..........  8% 80.5M 10s
 20600K .......... .......... .......... .......... ..........  8% 83.7M 10s
 20650K .......... .......... .......... .......... ..........  8% 85.9M 10s
 20700K .......... .......... .......... .......... ..........  8% 92.8M 10s
 20750K .......... .......... .......... .......... ..........  8% 75.5M 10s
 20800K .......... .......... .......... .......... ..........  8% 74.0M 10s
 20850K .......... .......... .......... .......... ..........  8% 72.9M 10s
 20900K .......... .......... .......... .......... ..........  8% 84.3M 10s
 20950K .......... .......... .......... .......... ..........  8% 87.1M 10s
 21000K .......... .......... .......... .......... ..........  8% 90.3M 10s
 21050K .......... .......... .......... .......... ..........  8% 80.9M 10s
 21100K .......... .......... .......... .......... ..........  8% 92.9M 10s
 21150K .......... .......... .......... .......... ..........  8% 35.0M 10s
 21200K .......... .......... .......... .......... ..........  8% 68.2M 10s
 21250K .......... .......... .......... .......... ..........  8% 85.9M 10s
 21300K .......... .......... .......... .......... ..........  8%  109M 10s
 21350K .......... .......... .......... .......... ..........  8% 82.9M 10s
 21400K .......... .......... .......... .......... ..........  8% 77.0M 10s
 21450K .......... .......... .......... .......... ..........  8% 41.2M 9s
 21500K .......... .......... .......... .......... ..........  8% 86.0M 9s
 21550K .......... .......... .......... .......... ..........  8% 71.8M 9s
 21600K .......... .......... .......... .......... ..........  8% 87.0M 9s
 21650K .......... .......... .......... .......... ..........  8% 37.0M 9s
 21700K .......... .......... .......... .......... ..........  8% 29.2M 9s
 21750K .......... .......... .......... .......... ..........  8% 4.29M 10s
 21800K .......... .......... .......... .......... ..........  8% 12.5M 10s
 21850K .......... .......... .......... .......... ..........  8% 25.5M 10s
 21900K .......... .......... .......... .......... ..........  8% 25.5M 10s
 21950K .......... .......... .......... .......... ..........  8% 8.17M 10s
 22000K .......... .......... .......... .......... ..........  8% 20.0M 10s
 22050K .......... .......... .......... .......... ..........  8% 34.8M 10s
 22100K .......... .......... .......... .......... ..........  8%  106M 10s
 22150K .......... .......... .......... .......... ..........  8% 43.7M 10s
 22200K .......... .......... .......... .......... ..........  8% 18.5M 10s
 22250K .......... .......... .......... .......... ..........  9% 29.3M 10s
 22300K .......... .......... .......... .......... ..........  9% 58.5M 10s
 22350K .......... .......... .......... .......... ..........  9% 79.3M 9s
 22400K .......... .......... .......... .......... ..........  9%  112M 9s
 22450K .......... .......... .......... .......... ..........  9% 32.2M 9s
 22500K .......... .......... .......... .......... ..........  9% 23.2M 9s
 22550K .......... .......... .......... .......... ..........  9% 34.5M 9s
 22600K .......... .......... .......... .......... ..........  9% 98.4M 9s
 22650K .......... .......... .......... .......... ..........  9%  117M 9s
 22700K .......... .......... .......... .......... ..........  9% 81.4M 9s
 22750K .......... .......... .......... .......... ..........  9%  120M 9s
 22800K .......... .......... .......... .......... ..........  9% 89.5M 9s
 22850K .......... .......... .......... .......... ..........  9% 91.6M 9s
 22900K .......... .......... .......... .......... ..........  9% 93.9M 9s
 22950K .......... .......... .......... .......... ..........  9%  107M 9s
 23000K .......... .......... .......... .......... ..........  9% 95.3M 9s
 23050K .......... .......... .......... .......... ..........  9%  106M 9s
 23100K .......... .......... .......... .......... ..........  9% 80.6M 9s
 23150K .......... .......... .......... .......... ..........  9% 83.5M 9s
 23200K .......... .......... .......... .......... ..........  9% 64.7M 9s
 23250K .......... .......... .......... .......... ..........  9% 39.5M 9s
 23300K .......... .......... .......... .......... ..........  9% 43.3M 9s
 23350K .......... .......... .......... .......... ..........  9% 73.6M 9s
 23400K .......... .......... .......... .......... ..........  9% 65.3M 9s
 23450K .......... .......... .......... .......... ..........  9% 82.6M 9s
 23500K .......... .......... .......... .......... ..........  9% 91.1M 9s
 23550K .......... .......... .......... .......... ..........  9% 77.7M 9s
 23600K .......... .......... .......... .......... ..........  9% 74.6M 9s
 23650K .......... .......... .......... .......... ..........  9% 84.2M 9s
 23700K .......... .......... .......... .......... ..........  9% 74.0M 9s
 23750K .......... .......... .......... .......... ..........  9% 1.31M 9s
 23800K .......... .......... .......... .......... ..........  9%  112M 9s
 23850K .......... .......... .......... .......... ..........  9%  101M 9s
 23900K .......... .......... .......... .......... ..........  9% 44.7M 9s
 23950K .......... .......... .......... .......... ..........  9% 36.2M 9s
 24000K .......... .......... .......... .......... ..........  9% 95.3M 9s
 24050K .......... .......... .......... .......... ..........  9%  119M 9s
 24100K .......... .......... .......... .......... ..........  9% 94.5M 9s
 24150K .......... .......... .......... .......... ..........  9% 44.3M 9s
 24200K .......... .......... .......... .......... ..........  9% 15.9M 9s
 24250K .......... .......... .......... .......... ..........  9% 43.0M 9s
 24300K .......... .......... .......... .......... ..........  9% 63.3M 9s
 24350K .......... .......... .......... .......... ..........  9% 16.0M 9s
 24400K .......... .......... .......... .......... ..........  9% 66.1M 9s
 24450K .......... .......... .......... .......... ..........  9% 33.7M 9s
 24500K .......... .......... .......... .......... ..........  9% 35.1M 9s
 24550K .......... .......... .......... .......... ..........  9% 33.6M 9s
 24600K .......... .......... .......... .......... ..........  9% 78.4M 9s
 24650K .......... .......... .......... .......... ..........  9% 74.7M 9s
 24700K .......... .......... .......... .......... .......... 10% 76.7M 9s
 24750K .......... .......... .......... .......... .......... 10% 74.1M 9s
 24800K .......... .......... .......... .......... .......... 10% 73.6M 9s
 24850K .......... .......... .......... .......... .......... 10% 47.8M 9s
 24900K .......... .......... .......... .......... .......... 10% 56.0M 9s
 24950K .......... .......... .......... .......... .......... 10% 74.8M 9s
 25000K .......... .......... .......... .......... .......... 10% 7.77M 9s
 25050K .......... .......... .......... .......... .......... 10% 39.7M 9s
 25100K .......... .......... .......... .......... .......... 10% 71.9M 9s
 25150K .......... .......... .......... .......... .......... 10% 29.8M 9s
 25200K .......... .......... .......... .......... .......... 10% 85.4M 9s
 25250K .......... .......... .......... .......... .......... 10% 74.5M 9s
 25300K .......... .......... .......... .......... .......... 10% 25.0M 9s
 25350K .......... .......... .......... .......... .......... 10% 55.4M 9s
 25400K .......... .......... .......... .......... .......... 10% 27.3M 9s
 25450K .......... .......... .......... .......... .......... 10% 76.4M 9s
 25500K .......... .......... .......... .......... .......... 10% 82.8M 9s
 25550K .......... .......... .......... .......... .......... 10% 78.7M 9s
 25600K .......... .......... .......... .......... .......... 10% 58.9M 9s
 25650K .......... .......... .......... .......... .......... 10% 64.6M 9s
 25700K .......... .......... .......... .......... .......... 10% 76.2M 9s
 25750K .......... .......... .......... .......... .......... 10% 65.3M 9s
 25800K .......... .......... .......... .......... .......... 10% 70.0M 9s
 25850K .......... .......... .......... .......... .......... 10% 93.3M 9s
 25900K .......... .......... .......... .......... .......... 10% 74.8M 9s
 25950K .......... .......... .......... .......... .......... 10% 76.8M 9s
 26000K .......... .......... .......... .......... .......... 10% 81.2M 9s
 26050K .......... .......... .......... .......... .......... 10% 65.9M 9s
 26100K .......... .......... .......... .......... .......... 10% 76.8M 9s
 26150K .......... .......... .......... .......... .......... 10% 66.9M 9s
 26200K .......... .......... .......... .......... .......... 10% 75.4M 9s
 26250K .......... .......... .......... .......... .......... 10% 76.0M 9s
 26300K .......... .......... .......... .......... .......... 10% 30.8M 9s
 26350K .......... .......... .......... .......... .......... 10% 64.9M 9s
 26400K .......... .......... .......... .......... .......... 10% 69.3M 9s
 26450K .......... .......... .......... .......... .......... 10% 71.3M 9s
 26500K .......... .......... .......... .......... .......... 10% 66.4M 9s
 26550K .......... .......... .......... .......... .......... 10% 59.8M 9s
 26600K .......... .......... .......... .......... .......... 10% 54.3M 9s
 26650K .......... .......... .......... .......... .......... 10% 63.6M 9s
 26700K .......... .......... .......... .......... .......... 10% 59.5M 9s
 26750K .......... .......... .......... .......... .......... 10% 73.7M 9s
 26800K .......... .......... .......... .......... .......... 10% 27.6M 9s
 26850K .......... .......... .......... .......... .......... 10% 85.6M 9s
 26900K .......... .......... .......... .......... .......... 10% 78.5M 9s
 26950K .......... .......... .......... .......... .......... 10% 59.3M 9s
 27000K .......... .......... .......... .......... .......... 10% 65.8M 9s
 27050K .......... .......... .......... .......... .......... 10% 65.8M 9s
 27100K .......... .......... .......... .......... .......... 10% 64.0M 9s
 27150K .......... .......... .......... .......... .......... 11% 80.3M 9s
 27200K .......... .......... .......... .......... .......... 11% 94.4M 9s
 27250K .......... .......... .......... .......... .......... 11% 97.2M 9s
 27300K .......... .......... .......... .......... .......... 11%  107M 9s
 27350K .......... .......... .......... .......... .......... 11% 78.8M 9s
 27400K .......... .......... .......... .......... .......... 11% 70.3M 9s
 27450K .......... .......... .......... .......... .......... 11% 53.6M 9s
 27500K .......... .......... .......... .......... .......... 11% 72.6M 9s
 27550K .......... .......... .......... .......... .......... 11% 66.1M 9s
 27600K .......... .......... .......... .......... .......... 11% 89.0M 9s
 27650K .......... .......... .......... .......... .......... 11% 36.6M 9s
 27700K .......... .......... .......... .......... .......... 11%  536K 9s
 27750K .......... .......... .......... .......... .......... 11% 82.0M 9s
 27800K .......... .......... .......... .......... .......... 11% 81.7M 9s
 27850K .......... .......... .......... .......... .......... 11% 78.5M 9s
 27900K .......... .......... .......... .......... .......... 11% 86.8M 9s
 27950K .......... .......... .......... .......... .......... 11% 89.4M 9s
 28000K .......... .......... .......... .......... .......... 11% 87.1M 9s
 28050K .......... .......... .......... .......... .......... 11% 84.1M 9s
 28100K .......... .......... .......... .......... .......... 11% 31.5M 9s
 28150K .......... .......... .......... .......... .......... 11% 44.8M 9s
 28200K .......... .......... .......... .......... .......... 11% 24.7M 9s
 28250K .......... .......... .......... .......... .......... 11% 41.4M 9s
 28300K .......... .......... .......... .......... .......... 11% 36.3M 9s
 28350K .......... .......... .......... .......... .......... 11% 38.9M 9s
 28400K .......... .......... .......... .......... .......... 11% 19.2M 9s
 28450K .......... .......... .......... .......... .......... 11% 54.5M 9s
 28500K .......... .......... .......... .......... .......... 11% 37.7M 9s
 28550K .......... .......... .......... .......... .......... 11% 37.8M 9s
 28600K .......... .......... .......... .......... .......... 11% 74.1M 9s
 28650K .......... .......... .......... .......... .......... 11% 60.6M 9s
 28700K .......... .......... .......... .......... .......... 11% 88.4M 9s
 28750K .......... .......... .......... .......... .......... 11% 59.2M 9s
 28800K .......... .......... .......... .......... .......... 11% 71.1M 9s
 28850K .......... .......... .......... .......... .......... 11% 31.4M 9s
 28900K .......... .......... .......... .......... .......... 11% 74.0M 9s
 28950K .......... .......... .......... .......... .......... 11%  108M 9s
 29000K .......... .......... .......... .......... .......... 11% 7.55M 9s
 29050K .......... .......... .......... .......... .......... 11% 91.6M 9s
 29100K .......... .......... .......... .......... .......... 11% 78.0M 9s
 29150K .......... .......... .......... .......... .......... 11% 29.4M 9s
 29200K .......... .......... .......... .......... .......... 11% 44.5M 9s
 29250K .......... .......... .......... .......... .......... 11% 74.7M 9s
 29300K .......... .......... .......... .......... .......... 11% 24.3M 9s
 29350K .......... .......... .......... .......... .......... 11% 68.1M 9s
 29400K .......... .......... .......... .......... .......... 11% 23.2M 9s
 29450K .......... .......... .......... .......... .......... 11% 87.2M 9s
 29500K .......... .......... .......... .......... .......... 11% 75.4M 9s
 29550K .......... .......... .......... .......... .......... 11%  101M 9s
 29600K .......... .......... .......... .......... .......... 11%  100M 9s
 29650K .......... .......... .......... .......... .......... 12%  125M 9s
 29700K .......... .......... .......... .......... .......... 12% 70.2M 9s
 29750K .......... .......... .......... .......... .......... 12% 66.4M 9s
 29800K .......... .......... .......... .......... .......... 12%  105M 9s
 29850K .......... .......... .......... .......... .......... 12% 66.6M 9s
 29900K .......... .......... .......... .......... .......... 12% 84.3M 9s
 29950K .......... .......... .......... .......... .......... 12% 48.0M 9s
 30000K .......... .......... .......... .......... .......... 12% 76.7M 9s
 30050K .......... .......... .......... .......... .......... 12%  101M 9s
 30100K .......... .......... .......... .......... .......... 12% 65.5M 9s
 30150K .......... .......... .......... .......... .......... 12% 67.7M 9s
 30200K .......... .......... .......... .......... .......... 12% 70.2M 9s
 30250K .......... .......... .......... .......... .......... 12% 43.5M 9s
 30300K .......... .......... .......... .......... .......... 12% 43.9M 9s
 30350K .......... .......... .......... .......... .......... 12% 33.8M 9s
 30400K .......... .......... .......... .......... .......... 12% 85.6M 9s
 30450K .......... .......... .......... .......... .......... 12% 66.2M 9s
 30500K .......... .......... .......... .......... .......... 12% 73.7M 9s
 30550K .......... .......... .......... .......... .......... 12%  111M 9s
 30600K .......... .......... .......... .......... .......... 12% 35.4M 9s
 30650K .......... .......... .......... .......... .......... 12% 67.0M 9s
 30700K .......... .......... .......... .......... .......... 12% 71.9M 9s
 30750K .......... .......... .......... .......... .......... 12% 37.8M 9s
 30800K .......... .......... .......... .......... .......... 12% 61.6M 9s
 30850K .......... .......... .......... .......... .......... 12% 61.2M 9s
 30900K .......... .......... .......... .......... .......... 12% 60.8M 9s
 30950K .......... .......... .......... .......... .......... 12% 66.8M 9s
 31000K .......... .......... .......... .......... .......... 12% 78.9M 9s
 31050K .......... .......... .......... .......... .......... 12% 85.2M 9s
 31100K .......... .......... .......... .......... .......... 12% 93.2M 9s
 31150K .......... .......... .......... .......... .......... 12% 78.9M 9s
 31200K .......... .......... .......... .......... .......... 12% 46.1M 9s
 31250K .......... .......... .......... .......... .......... 12% 70.4M 9s
 31300K .......... .......... .......... .......... .......... 12% 94.8M 9s
 31350K .......... .......... .......... .......... .......... 12% 86.0M 9s
 31400K .......... .......... .......... .......... .......... 12% 81.6M 9s
 31450K .......... .......... .......... .......... .......... 12% 98.5M 8s
 31500K .......... .......... .......... .......... .......... 12% 58.9M 8s
 31550K .......... .......... .......... .......... .......... 12% 41.6M 8s
 31600K .......... .......... .......... .......... .......... 12% 74.3M 8s
 31650K .......... .......... .......... .......... .......... 12% 84.2M 8s
 31700K .......... .......... .......... .......... .......... 12%  536K 9s
 31750K .......... .......... .......... .......... .......... 12% 34.4M 9s
 31800K .......... .......... .......... .......... .......... 12% 95.6M 9s
 31850K .......... .......... .......... .......... .......... 12% 74.7M 9s
 31900K .......... .......... .......... .......... .......... 12% 76.2M 9s
 31950K .......... .......... .......... .......... .......... 12% 85.7M 9s
 32000K .......... .......... .......... .......... .......... 12% 71.3M 9s
 32050K .......... .......... .......... .......... .......... 12% 81.3M 9s
 32100K .......... .......... .......... .......... .......... 13% 61.8M 9s
 32150K .......... .......... .......... .......... .......... 13% 42.7M 9s
 32200K .......... .......... .......... .......... .......... 13% 53.0M 9s
 32250K .......... .......... .......... .......... .......... 13% 22.7M 9s
 32300K .......... .......... .......... .......... .......... 13% 24.9M 9s
 32350K .......... .......... .......... .......... .......... 13% 76.8M 9s
 32400K .......... .......... .......... .......... .......... 13% 15.0M 9s
 32450K .......... .......... .......... .......... .......... 13% 44.8M 9s
 32500K .......... .......... .......... .......... .......... 13%  105M 9s
 32550K .......... .......... .......... .......... .......... 13% 28.2M 9s
 32600K .......... .......... .......... .......... .......... 13% 78.7M 9s
 32650K .......... .......... .......... .......... .......... 13% 85.4M 9s
 32700K .......... .......... .......... .......... .......... 13% 28.3M 9s
 32750K .......... .......... .......... .......... .......... 13%  103M 9s
 32800K .......... .......... .......... .......... .......... 13% 55.2M 9s
 32850K .......... .......... .......... .......... .......... 13% 65.9M 9s
 32900K .......... .......... .......... .......... .......... 13% 70.9M 9s
 32950K .......... .......... .......... .......... .......... 13% 8.11M 9s
 33000K .......... .......... .......... .......... .......... 13% 37.5M 9s
 33050K .......... .......... .......... .......... .......... 13% 63.2M 9s
 33100K .......... .......... .......... .......... .......... 13% 58.3M 9s
 33150K .......... .......... .......... .......... .......... 13% 74.0M 9s
 33200K .......... .......... .......... .......... .......... 13% 64.6M 9s
 33250K .......... .......... .......... .......... .......... 13% 20.5M 9s
 33300K .......... .......... .......... .......... .......... 13% 41.5M 9s
 33350K .......... .......... .......... .......... .......... 13% 96.3M 9s
 33400K .......... .......... .......... .......... .......... 13% 40.5M 9s
 33450K .......... .......... .......... .......... .......... 13% 37.2M 9s
 33500K .......... .......... .......... .......... .......... 13% 64.1M 9s
 33550K .......... .......... .......... .......... .......... 13% 60.9M 9s
 33600K .......... .......... .......... .......... .......... 13% 87.9M 9s
 33650K .......... .......... .......... .......... .......... 13% 94.3M 9s
 33700K .......... .......... .......... .......... .......... 13% 82.8M 9s
 33750K .......... .......... .......... .......... .......... 13% 78.3M 9s
 33800K .......... .......... .......... .......... .......... 13% 67.7M 9s
 33850K .......... .......... .......... .......... .......... 13% 68.2M 9s
 33900K .......... .......... .......... .......... .......... 13%  117M 9s
 33950K .......... .......... .......... .......... .......... 13% 85.9M 9s
 34000K .......... .......... .......... .......... .......... 13% 97.2M 9s
 34050K .......... .......... .......... .......... .......... 13% 80.9M 9s
 34100K .......... .......... .......... .......... .......... 13% 80.4M 9s
 34150K .......... .......... .......... .......... .......... 13% 65.7M 9s
 34200K .......... .......... .......... .......... .......... 13% 62.2M 9s
 34250K .......... .......... .......... .......... .......... 13% 71.5M 9s
 34300K .......... .......... .......... .......... .......... 13% 46.0M 9s
 34350K .......... .......... .......... .......... .......... 13% 26.8M 9s
 34400K .......... .......... .......... .......... .......... 13% 72.6M 9s
 34450K .......... .......... .......... .......... .......... 13% 65.1M 9s
 34500K .......... .......... .......... .......... .......... 13% 48.0M 9s
 34550K .......... .......... .......... .......... .......... 13% 52.5M 9s
 34600K .......... .......... .......... .......... .......... 14% 71.3M 9s
 34650K .......... .......... .......... .......... .......... 14% 85.1M 9s
 34700K .......... .......... .......... .......... .......... 14% 78.0M 9s
 34750K .......... .......... .......... .......... .......... 14% 46.0M 9s
 34800K .......... .......... .......... .......... .......... 14% 56.7M 9s
 34850K .......... .......... .......... .......... .......... 14% 46.4M 9s
 34900K .......... .......... .......... .......... .......... 14% 87.3M 9s
 34950K .......... .......... .......... .......... .......... 14% 59.4M 8s
 35000K .......... .......... .......... .......... .......... 14% 81.4M 8s
 35050K .......... .......... .......... .......... .......... 14% 85.0M 8s
 35100K .......... .......... .......... .......... .......... 14% 72.4M 8s
 35150K .......... .......... .......... .......... .......... 14% 90.1M 8s
 35200K .......... .......... .......... .......... .......... 14% 74.5M 8s
 35250K .......... .......... .......... .......... .......... 14% 77.6M 8s
 35300K .......... .......... .......... .......... .......... 14% 76.5M 8s
 35350K .......... .......... .......... .......... .......... 14% 90.4M 8s
 35400K .......... .......... .......... .......... .......... 14% 74.4M 8s
 35450K .......... .......... .......... .......... .......... 14% 81.4M 8s
 35500K .......... .......... .......... .......... .......... 14% 47.6M 8s
 35550K .......... .......... .......... .......... .......... 14% 58.8M 8s
 35600K .......... .......... .......... .......... .......... 14% 55.3M 8s
 35650K .......... .......... .......... .......... .......... 14% 71.5M 8s
 35700K .......... .......... .......... .......... .......... 14%  539K 9s
 35750K .......... .......... .......... .......... .......... 14% 19.7M 9s
 35800K .......... .......... .......... .......... .......... 14% 85.4M 9s
 35850K .......... .......... .......... .......... .......... 14% 93.9M 9s
 35900K .......... .......... .......... .......... .......... 14% 89.2M 9s
 35950K .......... .......... .......... .......... .......... 14% 88.6M 9s
 36000K .......... .......... .......... .......... .......... 14% 87.2M 9s
 36050K .......... .......... .......... .......... .......... 14%  117M 9s
 36100K .......... .......... .......... .......... .......... 14% 47.8M 9s
 36150K .......... .......... .......... .......... .......... 14% 70.7M 9s
 36200K .......... .......... .......... .......... .......... 14% 43.4M 9s
 36250K .......... .......... .......... .......... .......... 14% 36.1M 9s
 36300K .......... .......... .......... .......... .......... 14% 19.0M 9s
 36350K .......... .......... .......... .......... .......... 14% 46.9M 9s
 36400K .......... .......... .......... .......... .......... 14% 60.2M 9s
 36450K .......... .......... .......... .......... .......... 14% 17.5M 9s
 36500K .......... .......... .......... .......... .......... 14% 78.3M 9s
 36550K .......... .......... .......... .......... .......... 14% 32.3M 9s
 36600K .......... .......... .......... .......... .......... 14% 24.9M 9s
 36650K .......... .......... .......... .......... .......... 14% 73.3M 9s
 36700K .......... .......... .......... .......... .......... 14% 86.7M 9s
 36750K .......... .......... .......... .......... .......... 14% 57.6M 9s
 36800K .......... .......... .......... .......... .......... 14% 51.0M 9s
 36850K .......... .......... .......... .......... .......... 14% 65.6M 9s
 36900K .......... .......... .......... .......... .......... 14% 41.3M 9s
 36950K .......... .......... .......... .......... .......... 14% 8.27M 9s
 37000K .......... .......... .......... .......... .......... 14% 73.1M 9s
 37050K .......... .......... .......... .......... .......... 15% 31.1M 9s
 37100K .......... .......... .......... .......... .......... 15%  108M 9s
 37150K .......... .......... .......... .......... .......... 15%  105M 9s
 37200K .......... .......... .......... .......... .......... 15%  120M 9s
 37250K .......... .......... .......... .......... .......... 15% 18.8M 9s
 37300K .......... .......... .......... .......... .......... 15% 61.4M 9s
 37350K .......... .......... .......... .......... .......... 15% 39.8M 9s
 37400K .......... .......... .......... .......... .......... 15% 24.5M 9s
 37450K .......... .......... .......... .......... .......... 15% 87.6M 9s
 37500K .......... .......... .......... .......... .......... 15%  102M 9s
 37550K .......... .......... .......... .......... .......... 15% 62.6M 9s
 37600K .......... .......... .......... .......... .......... 15% 76.1M 9s
 37650K .......... .......... .......... .......... .......... 15% 90.8M 9s
 37700K .......... .......... .......... .......... .......... 15% 73.9M 9s
 37750K .......... .......... .......... .......... .......... 15% 96.8M 9s
 37800K .......... .......... .......... .......... .......... 15% 64.6M 9s
 37850K .......... .......... .......... .......... .......... 15% 75.4M 9s
 37900K .......... .......... .......... .......... .......... 15% 78.7M 9s
 37950K .......... .......... .......... .......... .......... 15% 75.0M 9s
 38000K .......... .......... .......... .......... .......... 15%  123M 9s
 38050K .......... .......... .......... .......... .......... 15% 42.0M 9s
 38100K .......... .......... .......... .......... .......... 15% 82.6M 9s
 38150K .......... .......... .......... .......... .......... 15% 85.5M 9s
 38200K .......... .......... .......... .......... .......... 15% 87.7M 8s
 38250K .......... .......... .......... .......... .......... 15% 85.3M 8s
 38300K .......... .......... .......... .......... .......... 15% 85.3M 8s
 38350K .......... .......... .......... .......... .......... 15% 39.8M 8s
 38400K .......... .......... .......... .......... .......... 15% 27.2M 8s
 38450K .......... .......... .......... .......... .......... 15% 98.3M 8s
 38500K .......... .......... .......... .......... .......... 15% 77.8M 8s
 38550K .......... .......... .......... .......... .......... 15% 33.4M 8s
 38600K .......... .......... .......... .......... .......... 15% 94.7M 8s
 38650K .......... .......... .......... .......... .......... 15% 75.1M 8s
 38700K .......... .......... .......... .......... .......... 15% 84.1M 8s
 38750K .......... .......... .......... .......... .......... 15% 62.7M 8s
 38800K .......... .......... .......... .......... .......... 15% 32.3M 8s
 38850K .......... .......... .......... .......... .......... 15% 93.9M 8s
 38900K .......... .......... .......... .......... .......... 15% 55.1M 8s
 38950K .......... .......... .......... .......... .......... 15% 88.2M 8s
 39000K .......... .......... .......... .......... .......... 15% 74.3M 8s
 39050K .......... .......... .......... .......... .......... 15% 56.5M 8s
 39100K .......... .......... .......... .......... .......... 15% 98.1M 8s
 39150K .......... .......... .......... .......... .......... 15% 84.9M 8s
 39200K .......... .......... .......... .......... .......... 15% 86.3M 8s
 39250K .......... .......... .......... .......... .......... 15% 93.5M 8s
 39300K .......... .......... .......... .......... .......... 15% 70.6M 8s
 39350K .......... .......... .......... .......... .......... 15% 72.6M 8s
 39400K .......... .......... .......... .......... .......... 15% 73.8M 8s
 39450K .......... .......... .......... .......... .......... 15% 76.1M 8s
 39500K .......... .......... .......... .......... .......... 15% 72.7M 8s
 39550K .......... .......... .......... .......... .......... 16% 50.6M 8s
 39600K .......... .......... .......... .......... .......... 16% 90.6M 8s
 39650K .......... .......... .......... .......... .......... 16% 89.7M 8s
 39700K .......... .......... .......... .......... .......... 16%  530K 9s
 39750K .......... .......... .......... .......... .......... 16% 75.1M 9s
 39800K .......... .......... .......... .......... .......... 16% 65.4M 9s
 39850K .......... .......... .......... .......... .......... 16% 72.5M 9s
 39900K .......... .......... .......... .......... .......... 16% 81.0M 9s
 39950K .......... .......... .......... .......... .......... 16% 49.8M 9s
 40000K .......... .......... .......... .......... .......... 16% 63.7M 9s
 40050K .......... .......... .......... .......... .......... 16% 73.1M 9s
 40100K .......... .......... .......... .......... .......... 16% 92.6M 9s
 40150K .......... .......... .......... .......... .......... 16% 51.4M 9s
 40200K .......... .......... .......... .......... .......... 16% 41.6M 9s
 40250K .......... .......... .......... .......... .......... 16% 74.8M 9s
 40300K .......... .......... .......... .......... .......... 16% 32.0M 9s
 40350K .......... .......... .......... .......... .......... 16% 19.5M 9s
 40400K .......... .......... .......... .......... .......... 16% 94.0M 9s
 40450K .......... .......... .......... .......... .......... 16% 49.8M 9s
 40500K .......... .......... .......... .......... .......... 16% 31.4M 9s
 40550K .......... .......... .......... .......... .......... 16% 14.7M 9s
 40600K .......... .......... .......... .......... .......... 16% 38.4M 9s
 40650K .......... .......... .......... .......... .......... 16% 68.5M 9s
 40700K .......... .......... .......... .......... .......... 16% 95.2M 9s
 40750K .......... .......... .......... .......... .......... 16% 45.2M 9s
 40800K .......... .......... .......... .......... .......... 16% 75.5M 9s
 40850K .......... .......... .......... .......... .......... 16% 50.6M 9s
 40900K .......... .......... .......... .......... .......... 16% 68.5M 9s
 40950K .......... .......... .......... .......... .......... 16% 8.02M 9s
 41000K .......... .......... .......... .......... .......... 16% 63.7M 9s
 41050K .......... .......... .......... .......... .......... 16% 87.0M 9s
 41100K .......... .......... .......... .......... .......... 16% 76.2M 9s
 41150K .......... .......... .......... .......... .......... 16% 32.4M 9s
 41200K .......... .......... .......... .......... .......... 16% 77.8M 9s
 41250K .......... .......... .......... .......... .......... 16% 33.8M 9s
 41300K .......... .......... .......... .......... .......... 16% 39.9M 9s
 41350K .......... .......... .......... .......... .......... 16% 45.1M 9s
 41400K .......... .......... .......... .......... .......... 16% 28.3M 8s
 41450K .......... .......... .......... .......... .......... 16% 40.8M 8s
 41500K .......... .......... .......... .......... .......... 16% 79.8M 8s
 41550K .......... .......... .......... .......... .......... 16% 72.9M 8s
 41600K .......... .......... .......... .......... .......... 16% 72.5M 8s
 41650K .......... .......... .......... .......... .......... 16% 85.7M 8s
 41700K .......... .......... .......... .......... .......... 16% 51.2M 8s
 41750K .......... .......... .......... .......... .......... 16% 66.8M 8s
 41800K .......... .......... .......... .......... .......... 16% 82.8M 8s
 41850K .......... .......... .......... .......... .......... 16% 75.6M 8s
 41900K .......... .......... .......... .......... .......... 16% 80.8M 8s
 41950K .......... .......... .......... .......... .......... 16% 87.8M 8s
 42000K .......... .......... .......... .......... .......... 17% 77.1M 8s
 42050K .......... .......... .......... .......... .......... 17% 93.8M 8s
 42100K .......... .......... .......... .......... .......... 17% 82.0M 8s
 42150K .......... .......... .......... .......... .......... 17% 90.9M 8s
 42200K .......... .......... .......... .......... .......... 17% 81.1M 8s
 42250K .......... .......... .......... .......... .......... 17% 92.7M 8s
 42300K .......... .......... .......... .......... .......... 17% 33.4M 8s
 42350K .......... .......... .......... .......... .......... 17% 80.2M 8s
 42400K .......... .......... .......... .......... .......... 17% 43.7M 8s
 42450K .......... .......... .......... .......... .......... 17% 38.8M 8s
 42500K .......... .......... .......... .......... .......... 17% 42.4M 8s
 42550K .......... .......... .......... .......... .......... 17% 71.9M 8s
 42600K .......... .......... .......... .......... .......... 17% 68.1M 8s
 42650K .......... .......... .......... .......... .......... 17% 75.7M 8s
 42700K .......... .......... .......... .......... .......... 17% 55.5M 8s
 42750K .......... .......... .......... .......... .......... 17% 82.7M 8s
 42800K .......... .......... .......... .......... .......... 17% 56.6M 8s
 42850K .......... .......... .......... .......... .......... 17% 42.8M 8s
 42900K .......... .......... .......... .......... .......... 17% 45.3M 8s
 42950K .......... .......... .......... .......... .......... 17% 84.6M 8s
 43000K .......... .......... .......... .......... .......... 17% 84.7M 8s
 43050K .......... .......... .......... .......... .......... 17% 50.1M 8s
 43100K .......... .......... .......... .......... .......... 17%  106M 8s
 43150K .......... .......... .......... .......... .......... 17% 90.6M 8s
 43200K .......... .......... .......... .......... .......... 17% 73.5M 8s
 43250K .......... .......... .......... .......... .......... 17% 94.9M 8s
 43300K .......... .......... .......... .......... .......... 17% 74.8M 8s
 43350K .......... .......... .......... .......... .......... 17% 93.1M 8s
 43400K .......... .......... .......... .......... .......... 17% 82.1M 8s
 43450K .......... .......... .......... .......... .......... 17% 84.4M 8s
 43500K .......... .......... .......... .......... .......... 17% 56.4M 8s
 43550K .......... .......... .......... .......... .......... 17% 58.2M 8s
 43600K .......... .......... .......... .......... .......... 17% 85.9M 8s
 43650K .......... .......... .......... .......... .......... 17% 84.0M 8s
 43700K .......... .......... .......... .......... .......... 17%  538K 9s
 43750K .......... .......... .......... .......... .......... 17% 39.2M 9s
 43800K .......... .......... .......... .......... .......... 17% 41.8M 9s
 43850K .......... .......... .......... .......... .......... 17% 82.0M 9s
 43900K .......... .......... .......... .......... .......... 17% 64.6M 9s
 43950K .......... .......... .......... .......... .......... 17% 43.0M 9s
 44000K .......... .......... .......... .......... .......... 17% 88.8M 9s
 44050K .......... .......... .......... .......... .......... 17% 66.3M 8s
 44100K .......... .......... .......... .......... .......... 17% 88.3M 8s
 44150K .......... .......... .......... .......... .......... 17% 66.0M 8s
 44200K .......... .......... .......... .......... .......... 17% 30.5M 8s
 44250K .......... .......... .......... .......... .......... 17% 65.3M 8s
 44300K .......... .......... .......... .......... .......... 17% 76.0M 8s
 44350K .......... .......... .......... .......... .......... 17% 18.7M 8s
 44400K .......... .......... .......... .......... .......... 17% 68.5M 8s
 44450K .......... .......... .......... .......... .......... 17% 84.3M 8s
 44500K .......... .......... .......... .......... .......... 18% 27.5M 8s
 44550K .......... .......... .......... .......... .......... 18% 21.6M 8s
 44600K .......... .......... .......... .......... .......... 18% 26.3M 8s
 44650K .......... .......... .......... .......... .......... 18% 44.9M 8s
 44700K .......... .......... .......... .......... .......... 18% 40.3M 8s
 44750K .......... .......... .......... .......... .......... 18% 51.5M 8s
 44800K .......... .......... .......... .......... .......... 18% 67.2M 8s
 44850K .......... .......... .......... .......... .......... 18% 53.2M 8s
 44900K .......... .......... .......... .......... .......... 18%  103M 8s
 44950K .......... .......... .......... .......... .......... 18% 8.32M 8s
 45000K .......... .......... .......... .......... .......... 18% 37.0M 8s
 45050K .......... .......... .......... .......... .......... 18% 63.4M 8s
 45100K .......... .......... .......... .......... .......... 18% 80.7M 8s
 45150K .......... .......... .......... .......... .......... 18% 72.3M 8s
 45200K .......... .......... .......... .......... .......... 18% 53.0M 8s
 45250K .......... .......... .......... .......... .......... 18% 30.7M 8s
 45300K .......... .......... .......... .......... .......... 18% 41.2M 8s
 45350K .......... .......... .......... .......... .......... 18% 91.2M 8s
 45400K .......... .......... .......... .......... .......... 18% 27.4M 8s
 45450K .......... .......... .......... .......... .......... 18% 28.4M 8s
 45500K .......... .......... .......... .......... .......... 18% 68.0M 8s
 45550K .......... .......... .......... .......... .......... 18% 82.1M 8s
 45600K .......... .......... .......... .......... .......... 18% 80.6M 8s
 45650K .......... .......... .......... .......... .......... 18% 80.0M 8s
 45700K .......... .......... .......... .......... .......... 18% 15.5M 8s
 45750K .......... .......... .......... .......... .......... 18%  117M 8s
 45800K .......... .......... .......... .......... .......... 18%  124M 8s
 45850K .......... .......... .......... .......... .......... 18% 97.0M 8s
 45900K .......... .......... .......... .......... .......... 18%  128M 8s
 45950K .......... .......... .......... .......... .......... 18% 94.4M 8s
 46000K .......... .......... .......... .......... .......... 18% 93.7M 8s
 46050K .......... .......... .......... .......... .......... 18% 78.0M 8s
 46100K .......... .......... .......... .......... .......... 18% 91.1M 8s
 46150K .......... .......... .......... .......... .......... 18% 87.3M 8s
 46200K .......... .......... .......... .......... .......... 18% 78.9M 8s
 46250K .......... .......... .......... .......... .......... 18% 86.0M 8s
 46300K .......... .......... .......... .......... .......... 18% 95.1M 8s
 46350K .......... .......... .......... .......... .......... 18%  101M 8s
 46400K .......... .......... .......... .......... .......... 18% 84.5M 8s
 46450K .......... .......... .......... .......... .......... 18% 36.1M 8s
 46500K .......... .......... .......... .......... .......... 18% 28.6M 8s
 46550K .......... .......... .......... .......... .......... 18% 90.2M 8s
 46600K .......... .......... .......... .......... .......... 18% 60.5M 8s
 46650K .......... .......... .......... .......... .......... 18% 97.8M 8s
 46700K .......... .......... .......... .......... .......... 18% 69.3M 8s
 46750K .......... .......... .......... .......... .......... 18% 35.5M 8s
 46800K .......... .......... .......... .......... .......... 18% 42.2M 8s
 46850K .......... .......... .......... .......... .......... 18% 69.7M 8s
 46900K .......... .......... .......... .......... .......... 18% 68.8M 8s
 46950K .......... .......... .......... .......... .......... 19% 73.9M 8s
 47000K .......... .......... .......... .......... .......... 19% 87.2M 8s
 47050K .......... .......... .......... .......... .......... 19% 88.0M 8s
 47100K .......... .......... .......... .......... .......... 19% 56.6M 8s
 47150K .......... .......... .......... .......... .......... 19% 86.3M 8s
 47200K .......... .......... .......... .......... .......... 19%  113M 8s
 47250K .......... .......... .......... .......... .......... 19%  112M 8s
 47300K .......... .......... .......... .......... .......... 19% 58.9M 8s
 47350K .......... .......... .......... .......... .......... 19%  100M 8s
 47400K .......... .......... .......... .......... .......... 19% 97.0M 8s
 47450K .......... .......... .......... .......... .......... 19% 88.9M 8s
 47500K .......... .......... .......... .......... .......... 19% 50.0M 8s
 47550K .......... .......... .......... .......... .......... 19% 81.9M 8s
 47600K .......... .......... .......... .......... .......... 19% 75.5M 8s
 47650K .......... .......... .......... .......... .......... 19% 99.2M 8s
 47700K .......... .......... .......... .......... .......... 19%  537K 8s
 47750K .......... .......... .......... .......... .......... 19% 50.8M 8s
 47800K .......... .......... .......... .......... .......... 19% 26.7M 8s
 47850K .......... .......... .......... .......... .......... 19% 84.1M 8s
 47900K .......... .......... .......... .......... .......... 19% 60.3M 8s
 47950K .......... .......... .......... .......... .......... 19% 29.1M 8s
 48000K .......... .......... .......... .......... .......... 19% 67.7M 8s
 48050K .......... .......... .......... .......... .......... 19% 96.2M 8s
 48100K .......... .......... .......... .......... .......... 19% 97.3M 8s
 48150K .......... .......... .......... .......... .......... 19% 46.6M 8s
 48200K .......... .......... .......... .......... .......... 19% 15.3M 8s
 48250K .......... .......... .......... .......... .......... 19% 88.0M 8s
 48300K .......... .......... .......... .......... .......... 19% 76.1M 8s
 48350K .......... .......... .......... .......... .......... 19% 84.1M 8s
 48400K .......... .......... .......... .......... .......... 19% 79.1M 8s
 48450K .......... .......... .......... .......... .......... 19% 89.6M 8s
 48500K .......... .......... .......... .......... .......... 19% 55.2M 8s
 48550K .......... .......... .......... .......... .......... 19% 20.9M 8s
 48600K .......... .......... .......... .......... .......... 19% 22.5M 8s
 48650K .......... .......... .......... .......... .......... 19% 28.0M 8s
 48700K .......... .......... .......... .......... .......... 19% 57.9M 8s
 48750K .......... .......... .......... .......... .......... 19% 59.6M 8s
 48800K .......... .......... .......... .......... .......... 19% 24.7M 8s
 48850K .......... .......... .......... .......... .......... 19% 73.7M 8s
 48900K .......... .......... .......... .......... .......... 19% 9.80M 8s
 48950K .......... .......... .......... .......... .......... 19% 45.7M 8s
 49000K .......... .......... .......... .......... .......... 19% 41.7M 8s
 49050K .......... .......... .......... .......... .......... 19% 80.3M 8s
 49100K .......... .......... .......... .......... .......... 19%  101M 8s
 49150K .......... .......... .......... .......... .......... 19% 46.2M 8s
 49200K .......... .......... .......... .......... .......... 19% 65.9M 8s
 49250K .......... .......... .......... .......... .......... 19% 42.7M 8s
 49300K .......... .......... .......... .......... .......... 19% 68.9M 8s
 49350K .......... .......... .......... .......... .......... 19% 72.6M 8s
 49400K .......... .......... .......... .......... .......... 20% 25.4M 8s
 49450K .......... .......... .......... .......... .......... 20% 21.3M 8s
 49500K .......... .......... .......... .......... .......... 20% 61.0M 8s
 49550K .......... .......... .......... .......... .......... 20% 95.2M 8s
 49600K .......... .......... .......... .......... .......... 20% 99.4M 8s
 49650K .......... .......... .......... .......... .......... 20% 68.2M 8s
 49700K .......... .......... .......... .......... .......... 20% 71.8M 8s
 49750K .......... .......... .......... .......... .......... 20% 78.2M 8s
 49800K .......... .......... .......... .......... .......... 20% 63.2M 8s
 49850K .......... .......... .......... .......... .......... 20% 73.2M 8s
 49900K .......... .......... .......... .......... .......... 20% 97.1M 8s
 49950K .......... .......... .......... .......... .......... 20% 75.6M 8s
 50000K .......... .......... .......... .......... .......... 20% 65.2M 8s
 50050K .......... .......... .......... .......... .......... 20% 88.0M 8s
 50100K .......... .......... .......... .......... .......... 20% 91.7M 8s
 50150K .......... .......... .......... .......... .......... 20%  110M 8s
 50200K .......... .......... .......... .......... .......... 20% 66.3M 8s
 50250K .......... .......... .......... .......... .......... 20% 96.2M 8s
 50300K .......... .......... .......... .......... .......... 20% 90.0M 8s
 50350K .......... .......... .......... .......... .......... 20% 32.7M 8s
 50400K .......... .......... .......... .......... .......... 20% 76.7M 8s
 50450K .......... .......... .......... .......... .......... 20% 90.0M 8s
 50500K .......... .......... .......... .......... .......... 20% 27.1M 8s
 50550K .......... .......... .......... .......... .......... 20% 40.7M 8s
 50600K .......... .......... .......... .......... .......... 20% 39.4M 8s
 50650K .......... .......... .......... .......... .......... 20% 83.7M 8s
 50700K .......... .......... .......... .......... .......... 20% 49.5M 8s
 50750K .......... .......... .......... .......... .......... 20%  108M 8s
 50800K .......... .......... .......... .......... .......... 20% 58.5M 8s
 50850K .......... .......... .......... .......... .......... 20% 39.7M 8s
 50900K .......... .......... .......... .......... .......... 20% 64.1M 8s
 50950K .......... .......... .......... .......... .......... 20% 63.1M 8s
 51000K .......... .......... .......... .......... .......... 20% 84.7M 8s
 51050K .......... .......... .......... .......... .......... 20%  108M 8s
 51100K .......... .......... .......... .......... .......... 20%  102M 8s
 51150K .......... .......... .......... .......... .......... 20% 31.7M 8s
 51200K .......... .......... .......... .......... .......... 20%  113M 8s
 51250K .......... .......... .......... .......... .......... 20% 69.1M 8s
 51300K .......... .......... .......... .......... .......... 20% 78.9M 8s
 51350K .......... .......... .......... .......... .......... 20% 66.1M 8s
 51400K .......... .......... .......... .......... .......... 20% 72.4M 8s
 51450K .......... .......... .......... .......... .......... 20% 66.9M 8s
 51500K .......... .......... .......... .......... .......... 20% 80.3M 8s
 51550K .......... .......... .......... .......... .......... 20% 86.0M 8s
 51600K .......... .......... .......... .......... .......... 20% 79.6M 8s
 51650K .......... .......... .......... .......... .......... 20%  544K 8s
 51700K .......... .......... .......... .......... .......... 20% 64.2M 8s
 51750K .......... .......... .......... .......... .......... 20% 79.6M 8s
 51800K .......... .......... .......... .......... .......... 20% 38.1M 8s
 51850K .......... .......... .......... .......... .......... 20% 35.5M 8s
 51900K .......... .......... .......... .......... .......... 21% 73.0M 8s
 51950K .......... .......... .......... .......... .......... 21% 80.1M 8s
 52000K .......... .......... .......... .......... .......... 21% 41.5M 8s
 52050K .......... .......... .......... .......... .......... 21% 81.9M 8s
 52100K .......... .......... .......... .......... .......... 21% 78.8M 8s
 52150K .......... .......... .......... .......... .......... 21% 81.4M 8s
 52200K .......... .......... .......... .......... .......... 21% 78.9M 8s
 52250K .......... .......... .......... .......... .......... 21% 40.0M 8s
 52300K .......... .......... .......... .......... .......... 21% 79.0M 8s
 52350K .......... .......... .......... .......... .......... 21% 51.0M 8s
 52400K .......... .......... .......... .......... .......... 21% 17.4M 8s
 52450K .......... .......... .......... .......... .......... 21% 60.8M 8s
 52500K .......... .......... .......... .......... .......... 21% 82.4M 8s
 52550K .......... .......... .......... .......... .......... 21% 84.1M 8s
 52600K .......... .......... .......... .......... .......... 21% 14.1M 8s
 52650K .......... .......... .......... .......... .......... 21% 29.2M 8s
 52700K .......... .......... .......... .......... .......... 21% 30.3M 8s
 52750K .......... .......... .......... .......... .......... 21% 69.5M 8s
 52800K .......... .......... .......... .......... .......... 21% 51.1M 8s
 52850K .......... .......... .......... .......... .......... 21% 8.24M 8s
 52900K .......... .......... .......... .......... .......... 21% 89.3M 8s
 52950K .......... .......... .......... .......... .......... 21% 22.2M 8s
 53000K .......... .......... .......... .......... .......... 21% 73.0M 8s
 53050K .......... .......... .......... .......... .......... 21% 89.7M 8s
 53100K .......... .......... .......... .......... .......... 21% 77.8M 8s
 53150K .......... .......... .......... .......... .......... 21% 37.5M 8s
 53200K .......... .......... .......... .......... .......... 21% 32.1M 8s
 53250K .......... .......... .......... .......... .......... 21% 88.7M 8s
 53300K .......... .......... .......... .......... .......... 21% 91.5M 8s
 53350K .......... .......... .......... .......... .......... 21% 84.8M 8s
 53400K .......... .......... .......... .......... .......... 21% 43.8M 8s
 53450K .......... .......... .......... .......... .......... 21% 18.3M 8s
 53500K .......... .......... .......... .......... .......... 21% 77.9M 8s
 53550K .......... .......... .......... .......... .......... 21% 76.2M 8s
 53600K .......... .......... .......... .......... .......... 21% 72.0M 8s
 53650K .......... .......... .......... .......... .......... 21% 56.6M 8s
 53700K .......... .......... .......... .......... .......... 21% 55.4M 8s
 53750K .......... .......... .......... .......... .......... 21% 45.0M 8s
 53800K .......... .......... .......... .......... .......... 21% 72.0M 8s
 53850K .......... .......... .......... .......... .......... 21% 91.5M 8s
 53900K .......... .......... .......... .......... .......... 21% 62.7M 8s
 53950K .......... .......... .......... .......... .......... 21% 40.2M 8s
 54000K .......... .......... .......... .......... .......... 21% 76.3M 8s
 54050K .......... .......... .......... .......... .......... 21%  110M 8s
 54100K .......... .......... .......... .......... .......... 21% 50.7M 8s
 54150K .......... .......... .......... .......... .......... 21% 59.8M 8s
 54200K .......... .......... .......... .......... .......... 21% 56.9M 8s
 54250K .......... .......... .......... .......... .......... 21% 71.4M 8s
 54300K .......... .......... .......... .......... .......... 21% 74.9M 8s
 54350K .......... .......... .......... .......... .......... 22% 78.2M 8s
 54400K .......... .......... .......... .......... .......... 22% 94.3M 8s
 54450K .......... .......... .......... .......... .......... 22% 75.6M 8s
 54500K .......... .......... .......... .......... .......... 22% 62.5M 8s
 54550K .......... .......... .......... .......... .......... 22% 66.4M 8s
 54600K .......... .......... .......... .......... .......... 22% 76.1M 8s
 54650K .......... .......... .......... .......... .......... 22% 89.5M 8s
 54700K .......... .......... .......... .......... .......... 22% 45.1M 8s
 54750K .......... .......... .......... .......... .......... 22% 48.6M 8s
 54800K .......... .......... .......... .......... .......... 22% 27.8M 8s
 54850K .......... .......... .......... .......... .......... 22%  123M 8s
 54900K .......... .......... .......... .......... .......... 22% 89.7M 8s
 54950K .......... .......... .......... .......... .......... 22% 77.7M 8s
 55000K .......... .......... .......... .......... .......... 22%  100M 8s
 55050K .......... .......... .......... .......... .......... 22% 90.4M 8s
 55100K .......... .......... .......... .......... .......... 22% 64.2M 8s
 55150K .......... .......... .......... .......... .......... 22% 67.4M 8s
 55200K .......... .......... .......... .......... .......... 22% 89.1M 8s
 55250K .......... .......... .......... .......... .......... 22% 49.7M 8s
 55300K .......... .......... .......... .......... .......... 22% 69.7M 8s
 55350K .......... .......... .......... .......... .......... 22%  113M 8s
 55400K .......... .......... .......... .......... .......... 22% 79.0M 8s
 55450K .......... .......... .......... .......... .......... 22% 76.2M 8s
 55500K .......... .......... .......... .......... .......... 22% 85.7M 8s
 55550K .......... .......... .......... .......... .......... 22% 99.9M 8s
 55600K .......... .......... .......... .......... .......... 22% 86.8M 8s
 55650K .......... .......... .......... .......... .......... 22%  540K 8s
 55700K .......... .......... .......... .......... .......... 22% 59.0M 8s
 55750K .......... .......... .......... .......... .......... 22% 26.8M 8s
 55800K .......... .......... .......... .......... .......... 22% 99.5M 8s
 55850K .......... .......... .......... .......... .......... 22% 40.1M 8s
 55900K .......... .......... .......... .......... .......... 22% 88.1M 8s
 55950K .......... .......... .......... .......... .......... 22% 88.2M 8s
 56000K .......... .......... .......... .......... .......... 22% 83.6M 8s
 56050K .......... .......... .......... .......... .......... 22% 22.2M 8s
 56100K .......... .......... .......... .......... .......... 22% 66.8M 8s
 56150K .......... .......... .......... .......... .......... 22% 70.7M 8s
 56200K .......... .......... .......... .......... .......... 22% 98.5M 8s
 56250K .......... .......... .......... .......... .......... 22% 84.4M 8s
 56300K .......... .......... .......... .......... .......... 22% 88.1M 8s
 56350K .......... .......... .......... .......... .......... 22% 63.6M 8s
 56400K .......... .......... .......... .......... .......... 22% 23.6M 8s
 56450K .......... .......... .......... .......... .......... 22% 32.6M 8s
 56500K .......... .......... .......... .......... .......... 22% 69.5M 8s
 56550K .......... .......... .......... .......... .......... 22% 76.3M 8s
 56600K .......... .......... .......... .......... .......... 22% 17.5M 8s
 56650K .......... .......... .......... .......... .......... 22% 30.3M 8s
 56700K .......... .......... .......... .......... .......... 22% 26.7M 8s
 56750K .......... .......... .......... .......... .......... 22% 72.4M 8s
 56800K .......... .......... .......... .......... .......... 22% 55.3M 8s
 56850K .......... .......... .......... .......... .......... 23% 7.80M 8s
 56900K .......... .......... .......... .......... .......... 23% 74.9M 8s
 56950K .......... .......... .......... .......... .......... 23% 53.0M 8s
 57000K .......... .......... .......... .......... .......... 23% 38.9M 8s
 57050K .......... .......... .......... .......... .......... 23% 90.8M 8s
 57100K .......... .......... .......... .......... .......... 23% 34.9M 8s
 57150K .......... .......... .......... .......... .......... 23% 90.4M 8s
 57200K .......... .......... .......... .......... .......... 23% 38.9M 8s
 57250K .......... .......... .......... .......... .......... 23% 77.6M 8s
 57300K .......... .......... .......... .......... .......... 23% 30.3M 8s
 57350K .......... .......... .......... .......... .......... 23% 64.0M 8s
 57400K .......... .......... .......... .......... .......... 23% 75.3M 8s
 57450K .......... .......... .......... .......... .......... 23% 25.0M 8s
 57500K .......... .......... .......... .......... .......... 23% 35.3M 8s
 57550K .......... .......... .......... .......... .......... 23% 71.1M 8s
 57600K .......... .......... .......... .......... .......... 23% 83.3M 8s
 57650K .......... .......... .......... .......... .......... 23% 57.5M 8s
 57700K .......... .......... .......... .......... .......... 23% 78.5M 8s
 57750K .......... .......... .......... .......... .......... 23% 54.9M 8s
 57800K .......... .......... .......... .......... .......... 23% 82.7M 8s
 57850K .......... .......... .......... .......... .......... 23% 78.1M 8s
 57900K .......... .......... .......... .......... .......... 23% 97.4M 8s
 57950K .......... .......... .......... .......... .......... 23% 71.7M 8s
 58000K .......... .......... .......... .......... .......... 23% 81.2M 8s
 58050K .......... .......... .......... .......... .......... 23% 33.0M 8s
 58100K .......... .......... .......... .......... .......... 23% 58.0M 8s
 58150K .......... .......... .......... .......... .......... 23% 71.8M 8s
 58200K .......... .......... .......... .......... .......... 23% 80.4M 8s
 58250K .......... .......... .......... .......... .......... 23% 59.4M 8s
 58300K .......... .......... .......... .......... .......... 23% 64.0M 8s
 58350K .......... .......... .......... .......... .......... 23% 80.4M 8s
 58400K .......... .......... .......... .......... .......... 23% 86.6M 8s
 58450K .......... .......... .......... .......... .......... 23% 46.7M 8s
 58500K .......... .......... .......... .......... .......... 23% 69.0M 8s
 58550K .......... .......... .......... .......... .......... 23% 50.1M 8s
 58600K .......... .......... .......... .......... .......... 23% 90.2M 8s
 58650K .......... .......... .......... .......... .......... 23% 74.0M 8s
 58700K .......... .......... .......... .......... .......... 23% 25.4M 8s
 58750K .......... .......... .......... .......... .......... 23% 14.1M 8s
 58800K .......... .......... .......... .......... .......... 23% 96.5M 8s
 58850K .......... .......... .......... .......... .......... 23% 94.3M 8s
 58900K .......... .......... .......... .......... .......... 23% 84.0M 8s
 58950K .......... .......... .......... .......... .......... 23% 98.3M 8s
 59000K .......... .......... .......... .......... .......... 23%  112M 8s
 59050K .......... .......... .......... .......... .......... 23% 82.2M 8s
 59100K .......... .......... .......... .......... .......... 23% 82.7M 8s
 59150K .......... .......... .......... .......... .......... 23% 69.1M 8s
 59200K .......... .......... .......... .......... .......... 23%  109M 8s
 59250K .......... .......... .......... .......... .......... 23% 82.7M 8s
 59300K .......... .......... .......... .......... .......... 24%  101M 8s
 59350K .......... .......... .......... .......... .......... 24% 98.0M 8s
 59400K .......... .......... .......... .......... .......... 24% 90.0M 8s
 59450K .......... .......... .......... .......... .......... 24%  113M 8s
 59500K .......... .......... .......... .......... .......... 24%  122M 8s
 59550K .......... .......... .......... .......... .......... 24%  107M 8s
 59600K .......... .......... .......... .......... .......... 24%  546K 8s
 59650K .......... .......... .......... .......... .......... 24% 47.1M 8s
 59700K .......... .......... .......... .......... .......... 24% 98.5M 8s
 59750K .......... .......... .......... .......... .......... 24% 70.0M 8s
 59800K .......... .......... .......... .......... .......... 24% 52.3M 8s
 59850K .......... .......... .......... .......... .......... 24% 54.3M 8s
 59900K .......... .......... .......... .......... .......... 24% 38.5M 8s
 59950K .......... .......... .......... .......... .......... 24% 78.8M 8s
 60000K .......... .......... .......... .......... .......... 24% 71.8M 8s
 60050K .......... .......... .......... .......... .......... 24% 41.1M 8s
 60100K .......... .......... .......... .......... .......... 24% 35.3M 8s
 60150K .......... .......... .......... .......... .......... 24% 68.9M 8s
 60200K .......... .......... .......... .......... .......... 24% 80.0M 8s
 60250K .......... .......... .......... .......... .......... 24% 75.6M 8s
 60300K .......... .......... .......... .......... .......... 24% 46.1M 8s
 60350K .......... .......... .......... .......... .......... 24%  119M 8s
 60400K .......... .......... .......... .......... .......... 24%  102M 8s
 60450K .......... .......... .......... .......... .......... 24% 15.2M 8s
 60500K .......... .......... .......... .......... .......... 24% 74.7M 8s
 60550K .......... .......... .......... .......... .......... 24% 72.7M 8s
 60600K .......... .......... .......... .......... .......... 24% 45.3M 8s
 60650K .......... .......... .......... .......... .......... 24% 12.9M 8s
 60700K .......... .......... .......... .......... .......... 24% 38.1M 8s
 60750K .......... .......... .......... .......... .......... 24% 51.6M 8s
 60800K .......... .......... .......... .......... .......... 24% 61.8M 8s
 60850K .......... .......... .......... .......... .......... 24% 84.8M 8s
 60900K .......... .......... .......... .......... .......... 24% 8.73M 8s
 60950K .......... .......... .......... .......... .......... 24% 35.2M 8s
 61000K .......... .......... .......... .......... .......... 24% 42.3M 8s
 61050K .......... .......... .......... .......... .......... 24% 42.7M 8s
 61100K .......... .......... .......... .......... .......... 24% 35.2M 8s
 61150K .......... .......... .......... .......... .......... 24% 42.1M 8s
 61200K .......... .......... .......... .......... .......... 24% 73.7M 8s
 61250K .......... .......... .......... .......... .......... 24% 50.3M 8s
 61300K .......... .......... .......... .......... .......... 24% 71.8M 8s
 61350K .......... .......... .......... .......... .......... 24% 55.1M 8s
 61400K .......... .......... .......... .......... .......... 24% 29.5M 8s
 61450K .......... .......... .......... .......... .......... 24% 82.9M 8s
 61500K .......... .......... .......... .......... .......... 24% 24.8M 8s
 61550K .......... .......... .......... .......... .......... 24% 80.5M 8s
 61600K .......... .......... .......... .......... .......... 24% 80.3M 8s
 61650K .......... .......... .......... .......... .......... 24% 45.9M 8s
 61700K .......... .......... .......... .......... .......... 24% 62.5M 8s
 61750K .......... .......... .......... .......... .......... 24% 54.4M 8s
 61800K .......... .......... .......... .......... .......... 25% 67.9M 8s
 61850K .......... .......... .......... .......... .......... 25% 67.3M 8s
 61900K .......... .......... .......... .......... .......... 25% 80.7M 8s
 61950K .......... .......... .......... .......... .......... 25% 75.9M 8s
 62000K .......... .......... .......... .......... .......... 25% 81.8M 8s
 62050K .......... .......... .......... .......... .......... 25%  103M 8s
 62100K .......... .......... .......... .......... .......... 25% 45.1M 8s
 62150K .......... .......... .......... .......... .......... 25% 85.5M 8s
 62200K .......... .......... .......... .......... .......... 25% 40.3M 8s
 62250K .......... .......... .......... .......... .......... 25% 66.6M 8s
 62300K .......... .......... .......... .......... .......... 25%  103M 8s
 62350K .......... .......... .......... .......... .......... 25% 64.3M 8s
 62400K .......... .......... .......... .......... .......... 25% 91.4M 8s
 62450K .......... .......... .......... .......... .......... 25% 89.9M 8s
 62500K .......... .......... .......... .......... .......... 25% 46.0M 8s
 62550K .......... .......... .......... .......... .......... 25% 62.8M 8s
 62600K .......... .......... .......... .......... .......... 25% 57.8M 8s
 62650K .......... .......... .......... .......... .......... 25% 77.9M 8s
 62700K .......... .......... .......... .......... .......... 25% 72.1M 8s
 62750K .......... .......... .......... .......... .......... 25% 46.4M 8s
 62800K .......... .......... .......... .......... .......... 25% 72.3M 8s
 62850K .......... .......... .......... .......... .......... 25% 35.5M 8s
 62900K .......... .......... .......... .......... .......... 25% 49.4M 8s
 62950K .......... .......... .......... .......... .......... 25% 98.7M 8s
 63000K .......... .......... .......... .......... .......... 25% 81.1M 8s
 63050K .......... .......... .......... .......... .......... 25% 98.0M 8s
 63100K .......... .......... .......... .......... .......... 25% 91.8M 8s
 63150K .......... .......... .......... .......... .......... 25% 71.5M 7s
 63200K .......... .......... .......... .......... .......... 25% 47.9M 7s
 63250K .......... .......... .......... .......... .......... 25% 30.2M 7s
 63300K .......... .......... .......... .......... .......... 25%  120M 7s
 63350K .......... .......... .......... .......... .......... 25% 78.6M 7s
 63400K .......... .......... .......... .......... .......... 25% 85.9M 7s
 63450K .......... .......... .......... .......... .......... 25%  102M 7s
 63500K .......... .......... .......... .......... .......... 25% 97.0M 7s
 63550K .......... .......... .......... .......... .......... 25% 72.8M 7s
 63600K .......... .......... .......... .......... .......... 25%  542K 8s
 63650K .......... .......... .......... .......... .......... 25% 46.7M 8s
 63700K .......... .......... .......... .......... .......... 25% 89.6M 8s
 63750K .......... .......... .......... .......... .......... 25% 61.9M 8s
 63800K .......... .......... .......... .......... .......... 25% 89.7M 8s
 63850K .......... .......... .......... .......... .......... 25% 83.4M 8s
 63900K .......... .......... .......... .......... .......... 25% 24.0M 8s
 63950K .......... .......... .......... .......... .......... 25%  106M 8s
 64000K .......... .......... .......... .......... .......... 25% 64.9M 8s
 64050K .......... .......... .......... .......... .......... 25% 68.6M 8s
 64100K .......... .......... .......... .......... .......... 25% 41.6M 8s
 64150K .......... .......... .......... .......... .......... 25% 44.9M 8s
 64200K .......... .......... .......... .......... .......... 25% 95.4M 8s
 64250K .......... .......... .......... .......... .......... 26%  106M 8s
 64300K .......... .......... .......... .......... .......... 26% 47.0M 8s
 64350K .......... .......... .......... .......... .......... 26% 67.5M 8s
 64400K .......... .......... .......... .......... .......... 26% 70.2M 8s
 64450K .......... .......... .......... .......... .......... 26% 26.7M 8s
 64500K .......... .......... .......... .......... .......... 26% 31.6M 8s
 64550K .......... .......... .......... .......... .......... 26% 87.5M 8s
 64600K .......... .......... .......... .......... .......... 26% 40.2M 8s
 64650K .......... .......... .......... .......... .......... 26% 52.5M 8s
 64700K .......... .......... .......... .......... .......... 26% 14.4M 8s
 64750K .......... .......... .......... .......... .......... 26% 51.3M 8s
 64800K .......... .......... .......... .......... .......... 26% 38.4M 8s
 64850K .......... .......... .......... .......... .......... 26% 94.9M 8s
 64900K .......... .......... .......... .......... .......... 26% 8.94M 8s
 64950K .......... .......... .......... .......... .......... 26% 33.1M 8s
 65000K .......... .......... .......... .......... .......... 26% 23.7M 8s
 65050K .......... .......... .......... .......... .......... 26% 99.8M 8s
 65100K .......... .......... .......... .......... .......... 26% 70.7M 8s
 65150K .......... .......... .......... .......... .......... 26% 32.9M 8s
 65200K .......... .......... .......... .......... .......... 26% 52.3M 8s
 65250K .......... .......... .......... .......... .......... 26% 93.0M 8s
 65300K .......... .......... .......... .......... .......... 26% 79.3M 8s
 65350K .......... .......... .......... .......... .......... 26% 40.7M 8s
 65400K .......... .......... .......... .......... .......... 26% 45.3M 8s
 65450K .......... .......... .......... .......... .......... 26% 92.6M 8s
 65500K .......... .......... .......... .......... .......... 26% 14.0M 8s
 65550K .......... .......... .......... .......... .......... 26% 70.5M 8s
 65600K .......... .......... .......... .......... .......... 26% 86.3M 8s
 65650K .......... .......... .......... .......... .......... 26% 82.1M 8s
 65700K .......... .......... .......... .......... .......... 26% 93.1M 8s
 65750K .......... .......... .......... .......... .......... 26% 68.4M 8s
 65800K .......... .......... .......... .......... .......... 26% 66.1M 8s
 65850K .......... .......... .......... .......... .......... 26%  119M 7s
 65900K .......... .......... .......... .......... .......... 26% 77.8M 7s
 65950K .......... .......... .......... .......... .......... 26% 65.4M 7s
 66000K .......... .......... .......... .......... .......... 26% 66.4M 7s
 66050K .......... .......... .......... .......... .......... 26% 35.2M 7s
 66100K .......... .......... .......... .......... .......... 26% 10.9M 7s
 66150K .......... .......... .......... .......... .......... 26% 90.7M 7s
 66200K .......... .......... .......... .......... .......... 26% 81.9M 7s
 66250K .......... .......... .......... .......... .......... 26% 94.8M 7s
 66300K .......... .......... .......... .......... .......... 26%  116M 7s
 66350K .......... .......... .......... .......... .......... 26%  100M 7s
 66400K .......... .......... .......... .......... .......... 26%  106M 7s
 66450K .......... .......... .......... .......... .......... 26%  107M 7s
 66500K .......... .......... .......... .......... .......... 26% 92.6M 7s
 66550K .......... .......... .......... .......... .......... 26%  118M 7s
 66600K .......... .......... .......... .......... .......... 26% 93.8M 7s
 66650K .......... .......... .......... .......... .......... 26%  120M 7s
 66700K .......... .......... .......... .......... .......... 26%  106M 7s
 66750K .......... .......... .......... .......... .......... 27%  110M 7s
 66800K .......... .......... .......... .......... .......... 27% 98.6M 7s
 66850K .......... .......... .......... .......... .......... 27% 35.6M 7s
 66900K .......... .......... .......... .......... .......... 27% 62.4M 7s
 66950K .......... .......... .......... .......... .......... 27% 76.9M 7s
 67000K .......... .......... .......... .......... .......... 27% 85.2M 7s
 67050K .......... .......... .......... .......... .......... 27% 87.3M 7s
 67100K .......... .......... .......... .......... .......... 27% 83.7M 7s
 67150K .......... .......... .......... .......... .......... 27%  116M 7s
 67200K .......... .......... .......... .......... .......... 27% 44.0M 7s
 67250K .......... .......... .......... .......... .......... 27% 74.8M 7s
 67300K .......... .......... .......... .......... .......... 27% 80.0M 7s
 67350K .......... .......... .......... .......... .......... 27% 93.9M 7s
 67400K .......... .......... .......... .......... .......... 27% 83.2M 7s
 67450K .......... .......... .......... .......... .......... 27% 87.3M 7s
 67500K .......... .......... .......... .......... .......... 27% 72.5M 7s
 67550K .......... .......... .......... .......... .......... 27%  542K 8s
 67600K .......... .......... .......... .......... .......... 27% 86.4M 8s
 67650K .......... .......... .......... .......... .......... 27% 60.7M 8s
 67700K .......... .......... .......... .......... .......... 27% 45.0M 8s
 67750K .......... .......... .......... .......... .......... 27% 74.8M 8s
 67800K .......... .......... .......... .......... .......... 27% 90.4M 8s
 67850K .......... .......... .......... .......... .......... 27% 82.6M 8s
 67900K .......... .......... .......... .......... .......... 27% 68.3M 8s
 67950K .......... .......... .......... .......... .......... 27% 30.3M 8s
 68000K .......... .......... .......... .......... .......... 27% 75.0M 7s
 68050K .......... .......... .......... .......... .......... 27% 58.5M 7s
 68100K .......... .......... .......... .......... .......... 27% 68.2M 7s
 68150K .......... .......... .......... .......... .......... 27% 46.7M 7s
 68200K .......... .......... .......... .......... .......... 27% 37.2M 7s
 68250K .......... .......... .......... .......... .......... 27% 66.3M 7s
 68300K .......... .......... .......... .......... .......... 27% 82.5M 7s
 68350K .......... .......... .......... .......... .......... 27% 62.2M 7s
 68400K .......... .......... .......... .......... .......... 27% 57.8M 7s
 68450K .......... .......... .......... .......... .......... 27% 71.4M 7s
 68500K .......... .......... .......... .......... .......... 27% 17.7M 7s
 68550K .......... .......... .......... .......... .......... 27% 66.8M 7s
 68600K .......... .......... .......... .......... .......... 27% 40.0M 7s
 68650K .......... .......... .......... .......... .......... 27% 84.6M 7s
 68700K .......... .......... .......... .......... .......... 27% 18.9M 7s
 68750K .......... .......... .......... .......... .......... 27% 31.7M 7s
 68800K .......... .......... .......... .......... .......... 27% 34.4M 7s
 68850K .......... .......... .......... .......... .......... 27% 9.10M 7s
 68900K .......... .......... .......... .......... .......... 27% 45.2M 7s
 68950K .......... .......... .......... .......... .......... 27% 60.6M 7s
 69000K .......... .......... .......... .......... .......... 27% 22.3M 7s
 69050K .......... .......... .......... .......... .......... 27% 33.3M 7s
 69100K .......... .......... .......... .......... .......... 27%  112M 7s
 69150K .......... .......... .......... .......... .......... 27% 21.6M 7s
 69200K .......... .......... .......... .......... .......... 28% 83.9M 7s
 69250K .......... .......... .......... .......... .......... 28% 76.9M 7s
 69300K .......... .......... .......... .......... .......... 28% 93.5M 7s
 69350K .......... .......... .......... .......... .......... 28% 41.1M 7s
 69400K .......... .......... .......... .......... .......... 28% 15.0M 7s
 69450K .......... .......... .......... .......... .......... 28% 96.6M 7s
 69500K .......... .......... .......... .......... .......... 28% 93.2M 7s
 69550K .......... .......... .......... .......... .......... 28% 51.7M 7s
 69600K .......... .......... .......... .......... .......... 28% 91.7M 7s
 69650K .......... .......... .......... .......... .......... 28% 94.1M 7s
 69700K .......... .......... .......... .......... .......... 28% 79.7M 7s
 69750K .......... .......... .......... .......... .......... 28% 66.8M 7s
 69800K .......... .......... .......... .......... .......... 28% 72.0M 7s
 69850K .......... .......... .......... .......... .......... 28% 69.2M 7s
 69900K .......... .......... .......... .......... .......... 28% 40.7M 7s
 69950K .......... .......... .......... .......... .......... 28% 89.7M 7s
 70000K .......... .......... .......... .......... .......... 28%  104M 7s
 70050K .......... .......... .......... .......... .......... 28% 85.3M 7s
 70100K .......... .......... .......... .......... .......... 28% 41.1M 7s
 70150K .......... .......... .......... .......... .......... 28% 52.6M 7s
 70200K .......... .......... .......... .......... .......... 28% 46.1M 7s
 70250K .......... .......... .......... .......... .......... 28% 85.7M 7s
 70300K .......... .......... .......... .......... .......... 28% 63.7M 7s
 70350K .......... .......... .......... .......... .......... 28%  132M 7s
 70400K .......... .......... .......... .......... .......... 28% 61.2M 7s
 70450K .......... .......... .......... .......... .......... 28% 65.2M 7s
 70500K .......... .......... .......... .......... .......... 28% 76.4M 7s
 70550K .......... .......... .......... .......... .......... 28% 42.3M 7s
 70600K .......... .......... .......... .......... .......... 28% 38.3M 7s
 70650K .......... .......... .......... .......... .......... 28% 41.5M 7s
 70700K .......... .......... .......... .......... .......... 28%  102M 7s
 70750K .......... .......... .......... .......... .......... 28% 86.5M 7s
 70800K .......... .......... .......... .......... .......... 28% 79.3M 7s
 70850K .......... .......... .......... .......... .......... 28% 88.8M 7s
 70900K .......... .......... .......... .......... .......... 28% 61.6M 7s
 70950K .......... .......... .......... .......... .......... 28%  100M 7s
 71000K .......... .......... .......... .......... .......... 28%  108M 7s
 71050K .......... .......... .......... .......... .......... 28% 67.9M 7s
 71100K .......... .......... .......... .......... .......... 28% 95.3M 7s
 71150K .......... .......... .......... .......... .......... 28% 93.0M 7s
 71200K .......... .......... .......... .......... .......... 28% 57.4M 7s
 71250K .......... .......... .......... .......... .......... 28% 70.4M 7s
 71300K .......... .......... .......... .......... .......... 28% 60.2M 7s
 71350K .......... .......... .......... .......... .......... 28% 80.6M 7s
 71400K .......... .......... .......... .......... .......... 28%  104M 7s
 71450K .......... .......... .......... .......... .......... 28% 52.4M 7s
 71500K .......... .......... .......... .......... .......... 28% 93.1M 7s
 71550K .......... .......... .......... .......... .......... 28%  542K 7s
 71600K .......... .......... .......... .......... .......... 28% 38.9M 7s
 71650K .......... .......... .......... .......... .......... 29% 80.7M 7s
 71700K .......... .......... .......... .......... .......... 29% 92.2M 7s
 71750K .......... .......... .......... .......... .......... 29% 98.2M 7s
 71800K .......... .......... .......... .......... .......... 29% 82.0M 7s
 71850K .......... .......... .......... .......... .......... 29% 67.6M 7s
 71900K .......... .......... .......... .......... .......... 29% 72.9M 7s
 71950K .......... .......... .......... .......... .......... 29% 21.1M 7s
 72000K .......... .......... .......... .......... .......... 29% 92.6M 7s
 72050K .......... .......... .......... .......... .......... 29% 85.2M 7s
 72100K .......... .......... .......... .......... .......... 29% 86.7M 7s
 72150K .......... .......... .......... .......... .......... 29% 21.9M 7s
 72200K .......... .......... .......... .......... .......... 29% 93.9M 7s
 72250K .......... .......... .......... .......... .......... 29% 82.1M 7s
 72300K .......... .......... .......... .......... .......... 29% 89.0M 7s
 72350K .......... .......... .......... .......... .......... 29% 69.1M 7s
 72400K .......... .......... .......... .......... .......... 29% 46.0M 7s
 72450K .......... .......... .......... .......... .......... 29% 82.1M 7s
 72500K .......... .......... .......... .......... .......... 29% 22.8M 7s
 72550K .......... .......... .......... .......... .......... 29% 68.9M 7s
 72600K .......... .......... .......... .......... .......... 29% 42.8M 7s
 72650K .......... .......... .......... .......... .......... 29% 70.7M 7s
 72700K .......... .......... .......... .......... .......... 29% 74.6M 7s
 72750K .......... .......... .......... .......... .......... 29% 11.8M 7s
 72800K .......... .......... .......... .......... .......... 29% 77.0M 7s
 72850K .......... .......... .......... .......... .......... 29% 71.3M 7s
 72900K .......... .......... .......... .......... .......... 29% 8.36M 7s
 72950K .......... .......... .......... .......... .......... 29% 39.4M 7s
 73000K .......... .......... .......... .......... .......... 29% 34.9M 7s
 73050K .......... .......... .......... .......... .......... 29% 21.0M 7s
 73100K .......... .......... .......... .......... .......... 29% 84.7M 7s
 73150K .......... .......... .......... .......... .......... 29% 59.3M 7s
 73200K .......... .......... .......... .......... .......... 29% 32.8M 7s
 73250K .......... .......... .......... .......... .......... 29%  116M 7s
 73300K .......... .......... .......... .......... .......... 29% 63.5M 7s
 73350K .......... .......... .......... .......... .......... 29% 61.9M 7s
 73400K .......... .......... .......... .......... .......... 29% 51.1M 7s
 73450K .......... .......... .......... .......... .......... 29% 62.2M 7s
 73500K .......... .......... .......... .......... .......... 29% 39.2M 7s
 73550K .......... .......... .......... .......... .......... 29% 23.9M 7s
 73600K .......... .......... .......... .......... .......... 29% 39.5M 7s
 73650K .......... .......... .......... .......... .......... 29% 58.2M 7s
 73700K .......... .......... .......... .......... .......... 29% 81.4M 7s
 73750K .......... .......... .......... .......... .......... 29% 65.1M 7s
 73800K .......... .......... .......... .......... .......... 29%  112M 7s
 73850K .......... .......... .......... .......... .......... 29% 84.4M 7s
 73900K .......... .......... .......... .......... .......... 29% 63.9M 7s
 73950K .......... .......... .......... .......... .......... 29% 59.7M 7s
 74000K .......... .......... .......... .......... .......... 29% 87.3M 7s
 74050K .......... .......... .......... .......... .......... 29% 69.4M 7s
 74100K .......... .......... .......... .......... .......... 29% 90.3M 7s
 74150K .......... .......... .......... .......... .......... 30% 33.5M 7s
 74200K .......... .......... .......... .......... .......... 30% 69.2M 7s
 74250K .......... .......... .......... .......... .......... 30% 67.4M 7s
 74300K .......... .......... .......... .......... .......... 30% 69.7M 7s
 74350K .......... .......... .......... .......... .......... 30% 48.9M 7s
 74400K .......... .......... .......... .......... .......... 30% 57.3M 7s
 74450K .......... .......... .......... .......... .......... 30% 71.5M 7s
 74500K .......... .......... .......... .......... .......... 30% 47.1M 7s
 74550K .......... .......... .......... .......... .......... 30% 72.5M 7s
 74600K .......... .......... .......... .......... .......... 30% 69.9M 7s
 74650K .......... .......... .......... .......... .......... 30% 72.0M 7s
 74700K .......... .......... .......... .......... .......... 30% 36.9M 7s
 74750K .......... .......... .......... .......... .......... 30% 91.0M 7s
 74800K .......... .......... .......... .......... .......... 30% 98.2M 7s
 74850K .......... .......... .......... .......... .......... 30% 82.0M 7s
 74900K .......... .......... .......... .......... .......... 30% 50.8M 7s
 74950K .......... .......... .......... .......... .......... 30% 70.1M 7s
 75000K .......... .......... .......... .......... .......... 30% 81.2M 7s
 75050K .......... .......... .......... .......... .......... 30% 88.2M 7s
 75100K .......... .......... .......... .......... .......... 30%  106M 7s
 75150K .......... .......... .......... .......... .......... 30% 47.2M 7s
 75200K .......... .......... .......... .......... .......... 30% 59.7M 7s
 75250K .......... .......... .......... .......... .......... 30% 78.7M 7s
 75300K .......... .......... .......... .......... .......... 30% 53.6M 7s
 75350K .......... .......... .......... .......... .......... 30% 68.5M 7s
 75400K .......... .......... .......... .......... .......... 30% 71.8M 7s
 75450K .......... .......... .......... .......... .......... 30% 92.8M 7s
 75500K .......... .......... .......... .......... .......... 30% 70.2M 7s
 75550K .......... .......... .......... .......... .......... 30%  545K 7s
 75600K .......... .......... .......... .......... .......... 30% 88.9M 7s
 75650K .......... .......... .......... .......... .......... 30% 42.3M 7s
 75700K .......... .......... .......... .......... .......... 30% 89.1M 7s
 75750K .......... .......... .......... .......... .......... 30% 61.4M 7s
 75800K .......... .......... .......... .......... .......... 30% 94.4M 7s
 75850K .......... .......... .......... .......... .......... 30% 85.6M 7s
 75900K .......... .......... .......... .......... .......... 30% 96.5M 7s
 75950K .......... .......... .......... .......... .......... 30% 68.9M 7s
 76000K .......... .......... .......... .......... .......... 30% 26.0M 7s
 76050K .......... .......... .......... .......... .......... 30%  106M 7s
 76100K .......... .......... .......... .......... .......... 30% 52.7M 7s
 76150K .......... .......... .......... .......... .......... 30% 83.9M 7s
 76200K .......... .......... .......... .......... .......... 30% 27.3M 7s
 76250K .......... .......... .......... .......... .......... 30% 73.1M 7s
 76300K .......... .......... .......... .......... .......... 30% 45.9M 7s
 76350K .......... .......... .......... .......... .......... 30% 81.9M 7s
 76400K .......... .......... .......... .......... .......... 30% 86.6M 7s
 76450K .......... .......... .......... .......... .......... 30% 46.2M 7s
 76500K .......... .......... .......... .......... .......... 30% 41.4M 7s
 76550K .......... .......... .......... .......... .......... 30% 54.6M 7s
 76600K .......... .......... .......... .......... .......... 31% 34.1M 7s
 76650K .......... .......... .......... .......... .......... 31% 30.5M 7s
 76700K .......... .......... .......... .......... .......... 31% 24.0M 7s
 76750K .......... .......... .......... .......... .......... 31% 80.7M 7s
 76800K .......... .......... .......... .......... .......... 31% 18.9M 7s
 76850K .......... .......... .......... .......... .......... 31% 51.3M 7s
 76900K .......... .......... .......... .......... .......... 31% 9.97M 7s
 76950K .......... .......... .......... .......... .......... 31% 42.8M 7s
 77000K .......... .......... .......... .......... .......... 31% 76.9M 7s
 77050K .......... .......... .......... .......... .......... 31% 22.2M 7s
 77100K .......... .......... .......... .......... .......... 31% 18.1M 7s
 77150K .......... .......... .......... .......... .......... 31% 49.2M 7s
 77200K .......... .......... .......... .......... .......... 31% 98.7M 7s
 77250K .......... .......... .......... .......... .......... 31% 97.4M 7s
 77300K .......... .......... .......... .......... .......... 31% 42.7M 7s
 77350K .......... .......... .......... .......... .......... 31% 73.2M 7s
 77400K .......... .......... .......... .......... .......... 31% 67.0M 7s
 77450K .......... .......... .......... .......... .......... 31% 81.8M 7s
 77500K .......... .......... .......... .......... .......... 31% 88.0M 7s
 77550K .......... .......... .......... .......... .......... 31% 38.0M 7s
 77600K .......... .......... .......... .......... .......... 31% 21.8M 7s
 77650K .......... .......... .......... .......... .......... 31% 87.7M 7s
 77700K .......... .......... .......... .......... .......... 31% 40.6M 7s
 77750K .......... .......... .......... .......... .......... 31% 64.0M 7s
 77800K .......... .......... .......... .......... .......... 31% 35.1M 7s
 77850K .......... .......... .......... .......... .......... 31% 88.6M 7s
 77900K .......... .......... .......... .......... .......... 31%  105M 7s
 77950K .......... .......... .......... .......... .......... 31% 79.2M 7s
 78000K .......... .......... .......... .......... .......... 31% 77.5M 7s
 78050K .......... .......... .......... .......... .......... 31% 70.4M 7s
 78100K .......... .......... .......... .......... .......... 31% 83.0M 7s
 78150K .......... .......... .......... .......... .......... 31% 73.7M 7s
 78200K .......... .......... .......... .......... .......... 31% 24.5M 7s
 78250K .......... .......... .......... .......... .......... 31% 76.7M 7s
 78300K .......... .......... .......... .......... .......... 31% 92.7M 7s
 78350K .......... .......... .......... .......... .......... 31%  108M 7s
 78400K .......... .......... .......... .......... .......... 31% 35.6M 7s
 78450K .......... .......... .......... .......... .......... 31% 68.4M 7s
 78500K .......... .......... .......... .......... .......... 31% 91.9M 7s
 78550K .......... .......... .......... .......... .......... 31% 88.5M 7s
 78600K .......... .......... .......... .......... .......... 31% 74.9M 7s
 78650K .......... .......... .......... .......... .......... 31% 92.6M 7s
 78700K .......... .......... .......... .......... .......... 31% 78.5M 7s
 78750K .......... .......... .......... .......... .......... 31% 69.1M 7s
 78800K .......... .......... .......... .......... .......... 31% 64.4M 7s
 78850K .......... .......... .......... .......... .......... 31% 70.7M 7s
 78900K .......... .......... .......... .......... .......... 31% 34.1M 7s
 78950K .......... .......... .......... .......... .......... 31% 87.7M 7s
 79000K .......... .......... .......... .......... .......... 31% 64.6M 7s
 79050K .......... .......... .......... .......... .......... 31% 77.7M 7s
 79100K .......... .......... .......... .......... .......... 32% 54.6M 7s
 79150K .......... .......... .......... .......... .......... 32%  125M 7s
 79200K .......... .......... .......... .......... .......... 32% 62.1M 7s
 79250K .......... .......... .......... .......... .......... 32% 86.8M 7s
 79300K .......... .......... .......... .......... .......... 32% 73.8M 7s
 79350K .......... .......... .......... .......... .......... 32% 62.5M 7s
 79400K .......... .......... .......... .......... .......... 32% 91.3M 7s
 79450K .......... .......... .......... .......... .......... 32% 81.9M 7s
 79500K .......... .......... .......... .......... .......... 32%  542K 7s
 79550K .......... .......... .......... .......... .......... 32% 80.1M 7s
 79600K .......... .......... .......... .......... .......... 32% 51.9M 7s
 79650K .......... .......... .......... .......... .......... 32% 79.6M 7s
 79700K .......... .......... .......... .......... .......... 32% 77.3M 7s
 79750K .......... .......... .......... .......... .......... 32% 57.4M 7s
 79800K .......... .......... .......... .......... .......... 32% 77.8M 7s
 79850K .......... .......... .......... .......... .......... 32% 60.0M 7s
 79900K .......... .......... .......... .......... .......... 32% 82.9M 7s
 79950K .......... .......... .......... .......... .......... 32% 83.8M 7s
 80000K .......... .......... .......... .......... .......... 32% 39.1M 7s
 80050K .......... .......... .......... .......... .......... 32% 48.2M 7s
 80100K .......... .......... .......... .......... .......... 32% 82.6M 7s
 80150K .......... .......... .......... .......... .......... 32% 99.9M 7s
 80200K .......... .......... .......... .......... .......... 32% 79.1M 7s
 80250K .......... .......... .......... .......... .......... 32% 22.7M 7s
 80300K .......... .......... .......... .......... .......... 32% 48.7M 7s
 80350K .......... .......... .......... .......... .......... 32% 94.6M 7s
 80400K .......... .......... .......... .......... .......... 32% 44.0M 7s
 80450K .......... .......... .......... .......... .......... 32% 82.5M 7s
 80500K .......... .......... .......... .......... .......... 32% 48.8M 7s
 80550K .......... .......... .......... .......... .......... 32% 72.6M 7s
 80600K .......... .......... .......... .......... .......... 32% 19.7M 7s
 80650K .......... .......... .......... .......... .......... 32% 91.6M 7s
 80700K .......... .......... .......... .......... .......... 32% 44.4M 7s
 80750K .......... .......... .......... .......... .......... 32% 35.1M 7s
 80800K .......... .......... .......... .......... .......... 32% 60.2M 7s
 80850K .......... .......... .......... .......... .......... 32% 23.3M 7s
 80900K .......... .......... .......... .......... .......... 32% 10.5M 7s
 80950K .......... .......... .......... .......... .......... 32% 21.8M 7s
 81000K .......... .......... .......... .......... .......... 32% 36.3M 7s
 81050K .......... .......... .......... .......... .......... 32% 58.7M 7s
 81100K .......... .......... .......... .......... .......... 32% 21.0M 7s
 81150K .......... .......... .......... .......... .......... 32% 29.2M 7s
 81200K .......... .......... .......... .......... .......... 32% 74.8M 7s
 81250K .......... .......... .......... .......... .......... 32% 40.9M 7s
 81300K .......... .......... .......... .......... .......... 32% 48.0M 7s
 81350K .......... .......... .......... .......... .......... 32% 63.0M 7s
 81400K .......... .......... .......... .......... .......... 32% 94.4M 7s
 81450K .......... .......... .......... .......... .......... 32% 56.5M 7s
 81500K .......... .......... .......... .......... .......... 32% 98.1M 7s
 81550K .......... .......... .......... .......... .......... 33% 74.8M 7s
 81600K .......... .......... .......... .......... .......... 33% 24.1M 7s
 81650K .......... .......... .......... .......... .......... 33% 26.1M 7s
 81700K .......... .......... .......... .......... .......... 33% 60.3M 7s
 81750K .......... .......... .......... .......... .......... 33% 74.0M 7s
 81800K .......... .......... .......... .......... .......... 33% 87.7M 7s
 81850K .......... .......... .......... .......... .......... 33% 66.3M 7s
 81900K .......... .......... .......... .......... .......... 33% 38.9M 7s
 81950K .......... .......... .......... .......... .......... 33% 79.4M 7s
 82000K .......... .......... .......... .......... .......... 33% 69.9M 7s
 82050K .......... .......... .......... .......... .......... 33% 87.1M 7s
 82100K .......... .......... .......... .......... .......... 33% 80.6M 7s
 82150K .......... .......... .......... .......... .......... 33% 45.0M 7s
 82200K .......... .......... .......... .......... .......... 33% 93.4M 7s
 82250K .......... .......... .......... .......... .......... 33% 74.2M 7s
 82300K .......... .......... .......... .......... .......... 33% 94.6M 7s
 82350K .......... .......... .......... .......... .......... 33% 45.0M 7s
 82400K .......... .......... .......... .......... .......... 33% 37.8M 7s
 82450K .......... .......... .......... .......... .......... 33% 57.4M 7s
 82500K .......... .......... .......... .......... .......... 33% 49.0M 7s
 82550K .......... .......... .......... .......... .......... 33% 61.3M 7s
 82600K .......... .......... .......... .......... .......... 33% 83.6M 7s
 82650K .......... .......... .......... .......... .......... 33% 77.7M 7s
 82700K .......... .......... .......... .......... .......... 33%  109M 7s
 82750K .......... .......... .......... .......... .......... 33% 89.4M 7s
 82800K .......... .......... .......... .......... .......... 33% 88.5M 7s
 82850K .......... .......... .......... .......... .......... 33% 61.6M 7s
 82900K .......... .......... .......... .......... .......... 33% 42.9M 7s
 82950K .......... .......... .......... .......... .......... 33% 75.8M 7s
 83000K .......... .......... .......... .......... .......... 33% 95.6M 7s
 83050K .......... .......... .......... .......... .......... 33% 84.9M 7s
 83100K .......... .......... .......... .......... .......... 33% 71.7M 7s
 83150K .......... .......... .......... .......... .......... 33% 84.4M 7s
 83200K .......... .......... .......... .......... .......... 33% 66.6M 7s
 83250K .......... .......... .......... .......... .......... 33% 88.7M 7s
 83300K .......... .......... .......... .......... .......... 33% 42.5M 7s
 83350K .......... .......... .......... .......... .......... 33% 66.1M 7s
 83400K .......... .......... .......... .......... .......... 33% 78.6M 7s
 83450K .......... .......... .......... .......... .......... 33% 87.7M 7s
 83500K .......... .......... .......... .......... .......... 33%  545K 7s
 83550K .......... .......... .......... .......... .......... 33% 76.1M 7s
 83600K .......... .......... .......... .......... .......... 33% 59.9M 7s
 83650K .......... .......... .......... .......... .......... 33% 35.9M 7s
 83700K .......... .......... .......... .......... .......... 33% 90.9M 7s
 83750K .......... .......... .......... .......... .......... 33% 72.2M 7s
 83800K .......... .......... .......... .......... .......... 33% 77.8M 7s
 83850K .......... .......... .......... .......... .......... 33% 73.8M 7s
 83900K .......... .......... .......... .......... .......... 33% 59.1M 7s
 83950K .......... .......... .......... .......... .......... 33% 86.5M 7s
 84000K .......... .......... .......... .......... .......... 33% 26.4M 7s
 84050K .......... .......... .......... .......... .......... 34% 89.4M 7s
 84100K .......... .......... .......... .......... .......... 34% 54.2M 7s
 84150K .......... .......... .......... .......... .......... 34% 79.5M 7s
 84200K .......... .......... .......... .......... .......... 34% 81.5M 7s
 84250K .......... .......... .......... .......... .......... 34% 24.7M 7s
 84300K .......... .......... .......... .......... .......... 34% 65.6M 7s
 84350K .......... .......... .......... .......... .......... 34% 72.0M 7s
 84400K .......... .......... .......... .......... .......... 34% 48.7M 7s
 84450K .......... .......... .......... .......... .......... 34% 44.9M 7s
 84500K .......... .......... .......... .......... .......... 34% 51.1M 7s
 84550K .......... .......... .......... .......... .......... 34% 76.0M 7s
 84600K .......... .......... .......... .......... .......... 34% 55.2M 7s
 84650K .......... .......... .......... .......... .......... 34% 49.9M 7s
 84700K .......... .......... .......... .......... .......... 34% 18.1M 7s
 84750K .......... .......... .......... .......... .......... 34% 95.1M 7s
 84800K .......... .......... .......... .......... .......... 34% 78.6M 7s
 84850K .......... .......... .......... .......... .......... 34% 19.4M 7s
 84900K .......... .......... .......... .......... .......... 34% 11.4M 7s
 84950K .......... .......... .......... .......... .......... 34% 35.7M 7s
 85000K .......... .......... .......... .......... .......... 34% 42.8M 7s
 85050K .......... .......... .......... .......... .......... 34% 30.4M 7s
 85100K .......... .......... .......... .......... .......... 34% 35.6M 7s
 85150K .......... .......... .......... .......... .......... 34% 15.6M 7s
 85200K .......... .......... .......... .......... .......... 34%  106M 7s
 85250K .......... .......... .......... .......... .......... 34% 32.9M 7s
 85300K .......... .......... .......... .......... .......... 34% 71.9M 7s
 85350K .......... .......... .......... .......... .......... 34% 43.3M 7s
 85400K .......... .......... .......... .......... .......... 34%  102M 7s
 85450K .......... .......... .......... .......... .......... 34% 80.2M 7s
 85500K .......... .......... .......... .......... .......... 34% 48.8M 7s
 85550K .......... .......... .......... .......... .......... 34% 91.5M 7s
 85600K .......... .......... .......... .......... .......... 34% 86.4M 7s
 85650K .......... .......... .......... .......... .......... 34% 20.4M 7s
 85700K .......... .......... .......... .......... .......... 34% 34.4M 7s
 85750K .......... .......... .......... .......... .......... 34% 85.1M 7s
 85800K .......... .......... .......... .......... .......... 34% 77.5M 7s
 85850K .......... .......... .......... .......... .......... 34% 79.7M 7s
 85900K .......... .......... .......... .......... .......... 34% 66.6M 7s
 85950K .......... .......... .......... .......... .......... 34% 44.3M 7s
 86000K .......... .......... .......... .......... .......... 34% 42.1M 7s
 86050K .......... .......... .......... .......... .......... 34% 79.6M 7s
 86100K .......... .......... .......... .......... .......... 34% 95.1M 7s
 86150K .......... .......... .......... .......... .......... 34% 81.8M 7s
 86200K .......... .......... .......... .......... .......... 34% 72.4M 7s
 86250K .......... .......... .......... .......... .......... 34% 81.5M 7s
 86300K .......... .......... .......... .......... .......... 34% 51.6M 7s
 86350K .......... .......... .......... .......... .......... 34% 81.6M 7s
 86400K .......... .......... .......... .......... .......... 34% 27.6M 7s
 86450K .......... .......... .......... .......... .......... 34% 79.5M 7s
 86500K .......... .......... .......... .......... .......... 35% 68.7M 7s
 86550K .......... .......... .......... .......... .......... 35% 96.2M 7s
 86600K .......... .......... .......... .......... .......... 35% 86.7M 7s
 86650K .......... .......... .......... .......... .......... 35% 51.9M 7s
 86700K .......... .......... .......... .......... .......... 35% 64.5M 7s
 86750K .......... .......... .......... .......... .......... 35% 57.4M 7s
 86800K .......... .......... .......... .......... .......... 35% 87.6M 7s
 86850K .......... .......... .......... .......... .......... 35% 62.5M 7s
 86900K .......... .......... .......... .......... .......... 35% 85.8M 7s
 86950K .......... .......... .......... .......... .......... 35% 71.2M 7s
 87000K .......... .......... .......... .......... .......... 35% 63.1M 7s
 87050K .......... .......... .......... .......... .......... 35% 76.8M 7s
 87100K .......... .......... .......... .......... .......... 35% 92.1M 7s
 87150K .......... .......... .......... .......... .......... 35% 87.5M 7s
 87200K .......... .......... .......... .......... .......... 35% 69.6M 7s
 87250K .......... .......... .......... .......... .......... 35% 57.2M 7s
 87300K .......... .......... .......... .......... .......... 35% 49.8M 7s
 87350K .......... .......... .......... .......... .......... 35% 85.9M 7s
 87400K .......... .......... .......... .......... .......... 35% 81.0M 7s
 87450K .......... .......... .......... .......... .......... 35%  544K 7s
 87500K .......... .......... .......... .......... .......... 35% 59.0M 7s
 87550K .......... .......... .......... .......... .......... 35% 93.1M 7s
 87600K .......... .......... .......... .......... .......... 35% 87.7M 7s
 87650K .......... .......... .......... .......... .......... 35% 30.2M 7s
 87700K .......... .......... .......... .......... .......... 35% 82.7M 7s
 87750K .......... .......... .......... .......... .......... 35% 74.3M 7s
 87800K .......... .......... .......... .......... .......... 35% 72.0M 7s
 87850K .......... .......... .......... .......... .......... 35% 71.2M 7s
 87900K .......... .......... .......... .......... .......... 35% 63.7M 7s
 87950K .......... .......... .......... .......... .......... 35% 85.5M 7s
 88000K .......... .......... .......... .......... .......... 35% 29.1M 7s
 88050K .......... .......... .......... .......... .......... 35% 57.4M 7s
 88100K .......... .......... .......... .......... .......... 35% 87.2M 7s
 88150K .......... .......... .......... .......... .......... 35% 86.2M 7s
 88200K .......... .......... .......... .......... .......... 35% 74.6M 7s
 88250K .......... .......... .......... .......... .......... 35% 37.5M 7s
 88300K .......... .......... .......... .......... .......... 35% 30.0M 7s
 88350K .......... .......... .......... .......... .......... 35% 90.6M 7s
 88400K .......... .......... .......... .......... .......... 35% 73.9M 7s
 88450K .......... .......... .......... .......... .......... 35% 48.7M 7s
 88500K .......... .......... .......... .......... .......... 35% 36.2M 7s
 88550K .......... .......... .......... .......... .......... 35% 50.8M 7s
 88600K .......... .......... .......... .......... .......... 35% 80.7M 7s
 88650K .......... .......... .......... .......... .......... 35% 96.3M 7s
 88700K .......... .......... .......... .......... .......... 35% 16.2M 7s
 88750K .......... .......... .......... .......... .......... 35% 42.0M 7s
 88800K .......... .......... .......... .......... .......... 35%  104M 7s
 88850K .......... .......... .......... .......... .......... 35% 58.0M 7s
 88900K .......... .......... .......... .......... .......... 35% 10.1M 7s
 88950K .......... .......... .......... .......... .......... 35% 38.0M 7s
 89000K .......... .......... .......... .......... .......... 36% 26.2M 7s
 89050K .......... .......... .......... .......... .......... 36% 42.8M 7s
 89100K .......... .......... .......... .......... .......... 36% 35.3M 7s
 89150K .......... .......... .......... .......... .......... 36% 18.8M 7s
 89200K .......... .......... .......... .......... .......... 36% 50.0M 7s
 89250K .......... .......... .......... .......... .......... 36% 22.9M 7s
 89300K .......... .......... .......... .......... .......... 36% 51.7M 7s
 89350K .......... .......... .......... .......... .......... 36% 71.0M 7s
 89400K .......... .......... .......... .......... .......... 36% 87.3M 7s
 89450K .......... .......... .......... .......... .......... 36% 61.0M 7s
 89500K .......... .......... .......... .......... .......... 36% 72.0M 7s
 89550K .......... .......... .......... .......... .......... 36% 76.8M 7s
 89600K .......... .......... .......... .......... .......... 36% 79.0M 7s
 89650K .......... .......... .......... .......... .......... 36% 43.0M 7s
 89700K .......... .......... .......... .......... .......... 36% 19.9M 7s
 89750K .......... .......... .......... .......... .......... 36% 67.6M 7s
 89800K .......... .......... .......... .......... .......... 36% 80.5M 7s
 89850K .......... .......... .......... .......... .......... 36% 79.2M 7s
 89900K .......... .......... .......... .......... .......... 36% 59.2M 7s
 89950K .......... .......... .......... .......... .......... 36% 44.9M 7s
 90000K .......... .......... .......... .......... .......... 36% 66.0M 7s
 90050K .......... .......... .......... .......... .......... 36% 58.9M 7s
 90100K .......... .......... .......... .......... .......... 36% 45.5M 7s
 90150K .......... .......... .......... .......... .......... 36% 73.2M 6s
 90200K .......... .......... .......... .......... .......... 36% 82.7M 6s
 90250K .......... .......... .......... .......... .......... 36% 55.8M 6s
 90300K .......... .......... .......... .......... .......... 36% 56.5M 6s
 90350K .......... .......... .......... .......... .......... 36% 70.7M 6s
 90400K .......... .......... .......... .......... .......... 36% 74.8M 6s
 90450K .......... .......... .......... .......... .......... 36% 51.8M 6s
 90500K .......... .......... .......... .......... .......... 36% 46.7M 6s
 90550K .......... .......... .......... .......... .......... 36% 82.9M 6s
 90600K .......... .......... .......... .......... .......... 36% 69.3M 6s
 90650K .......... .......... .......... .......... .......... 36% 81.0M 6s
 90700K .......... .......... .......... .......... .......... 36%  102M 6s
 90750K .......... .......... .......... .......... .......... 36% 91.7M 6s
 90800K .......... .......... .......... .......... .......... 36% 82.8M 6s
 90850K .......... .......... .......... .......... .......... 36% 78.0M 6s
 90900K .......... .......... .......... .......... .......... 36% 41.7M 6s
 90950K .......... .......... .......... .......... .......... 36% 52.1M 6s
 91000K .......... .......... .......... .......... .......... 36% 67.1M 6s
 91050K .......... .......... .......... .......... .......... 36% 70.4M 6s
 91100K .......... .......... .......... .......... .......... 36% 68.9M 6s
 91150K .......... .......... .......... .......... .......... 36% 85.5M 6s
 91200K .......... .......... .......... .......... .......... 36% 79.4M 6s
 91250K .......... .......... .......... .......... .......... 36% 82.4M 6s
 91300K .......... .......... .......... .......... .......... 36% 83.2M 6s
 91350K .......... .......... .......... .......... .......... 36% 49.9M 6s
 91400K .......... .......... .......... .......... .......... 36% 77.6M 6s
 91450K .......... .......... .......... .......... .......... 37%  546K 7s
 91500K .......... .......... .......... .......... .......... 37% 38.2M 7s
 91550K .......... .......... .......... .......... .......... 37% 84.8M 7s
 91600K .......... .......... .......... .......... .......... 37% 44.3M 7s
 91650K .......... .......... .......... .......... .......... 37% 83.1M 7s
 91700K .......... .......... .......... .......... .......... 37% 92.5M 7s
 91750K .......... .......... .......... .......... .......... 37% 63.5M 7s
 91800K .......... .......... .......... .......... .......... 37% 88.7M 7s
 91850K .......... .......... .......... .......... .......... 37% 77.4M 7s
 91900K .......... .......... .......... .......... .......... 37%  103M 7s
 91950K .......... .......... .......... .......... .......... 37% 37.7M 6s
 92000K .......... .......... .......... .......... .......... 37% 91.6M 6s
 92050K .......... .......... .......... .......... .......... 37% 23.4M 6s
 92100K .......... .......... .......... .......... .......... 37% 86.6M 6s
 92150K .......... .......... .......... .......... .......... 37% 72.6M 6s
 92200K .......... .......... .......... .......... .......... 37% 97.2M 6s
 92250K .......... .......... .......... .......... .......... 37% 86.1M 6s
 92300K .......... .......... .......... .......... .......... 37% 25.9M 6s
 92350K .......... .......... .......... .......... .......... 37% 55.4M 6s
 92400K .......... .......... .......... .......... .......... 37% 61.6M 6s
 92450K .......... .......... .......... .......... .......... 37% 81.8M 6s
 92500K .......... .......... .......... .......... .......... 37% 39.5M 6s
 92550K .......... .......... .......... .......... .......... 37% 42.5M 6s
 92600K .......... .......... .......... .......... .......... 37% 52.0M 6s
 92650K .......... .......... .......... .......... .......... 37% 86.0M 6s
 92700K .......... .......... .......... .......... .......... 37% 48.4M 6s
 92750K .......... .......... .......... .......... .......... 37% 24.7M 6s
 92800K .......... .......... .......... .......... .......... 37% 47.2M 6s
 92850K .......... .......... .......... .......... .......... 37% 58.1M 6s
 92900K .......... .......... .......... .......... .......... 37% 9.69M 6s
 92950K .......... .......... .......... .......... .......... 37% 22.7M 6s
 93000K .......... .......... .......... .......... .......... 37% 53.0M 6s
 93050K .......... .......... .......... .......... .......... 37% 31.2M 6s
 93100K .......... .......... .......... .......... .......... 37% 54.2M 6s
 93150K .......... .......... .......... .......... .......... 37% 38.6M 6s
 93200K .......... .......... .......... .......... .......... 37% 7.70M 6s
 93250K .......... .......... .......... .......... .......... 37%  103M 6s
 93300K .......... .......... .......... .......... .......... 37%  121M 6s
 93350K .......... .......... .......... .......... .......... 37%  113M 6s
 93400K .......... .......... .......... .......... .......... 37%  113M 6s
 93450K .......... .......... .......... .......... .......... 37%  124M 6s
 93500K .......... .......... .......... .......... .......... 37%  117M 6s
 93550K .......... .......... .......... .......... .......... 37%  113M 6s
 93600K .......... .......... .......... .......... .......... 37% 85.7M 6s
 93650K .......... .......... .......... .......... .......... 37% 56.4M 6s
 93700K .......... .......... .......... .......... .......... 37% 18.4M 6s
 93750K .......... .......... .......... .......... .......... 37% 90.3M 6s
 93800K .......... .......... .......... .......... .......... 37% 91.6M 6s
 93850K .......... .......... .......... .......... .......... 37% 77.1M 6s
 93900K .......... .......... .......... .......... .......... 38% 33.2M 6s
 93950K .......... .......... .......... .......... .......... 38% 96.7M 6s
 94000K .......... .......... .......... .......... .......... 38% 83.0M 6s
 94050K .......... .......... .......... .......... .......... 38% 73.0M 6s
 94100K .......... .......... .......... .......... .......... 38% 89.2M 6s
 94150K .......... .......... .......... .......... .......... 38% 26.7M 6s
 94200K .......... .......... .......... .......... .......... 38% 71.3M 6s
 94250K .......... .......... .......... .......... .......... 38% 87.2M 6s
 94300K .......... .......... .......... .......... .......... 38%  109M 6s
 94350K .......... .......... .......... .......... .......... 38% 53.9M 6s
 94400K .......... .......... .......... .......... .......... 38% 57.3M 6s
 94450K .......... .......... .......... .......... .......... 38% 80.1M 6s
 94500K .......... .......... .......... .......... .......... 38% 28.0M 6s
 94550K .......... .......... .......... .......... .......... 38% 73.9M 6s
 94600K .......... .......... .......... .......... .......... 38% 83.4M 6s
 94650K .......... .......... .......... .......... .......... 38% 86.5M 6s
 94700K .......... .......... .......... .......... .......... 38% 90.2M 6s
 94750K .......... .......... .......... .......... .......... 38% 77.7M 6s
 94800K .......... .......... .......... .......... .......... 38% 77.2M 6s
 94850K .......... .......... .......... .......... .......... 38% 80.1M 6s
 94900K .......... .......... .......... .......... .......... 38% 86.1M 6s
 94950K .......... .......... .......... .......... .......... 38% 70.7M 6s
 95000K .......... .......... .......... .......... .......... 38% 83.6M 6s
 95050K .......... .......... .......... .......... .......... 38% 89.6M 6s
 95100K .......... .......... .......... .......... .......... 38% 70.7M 6s
 95150K .......... .......... .......... .......... .......... 38% 54.2M 6s
 95200K .......... .......... .......... .......... .......... 38% 65.1M 6s
 95250K .......... .......... .......... .......... .......... 38% 40.1M 6s
 95300K .......... .......... .......... .......... .......... 38% 74.3M 6s
 95350K .......... .......... .......... .......... .......... 38% 77.1M 6s
 95400K .......... .......... .......... .......... .......... 38%  547K 6s
 95450K .......... .......... .......... .......... .......... 38% 92.1M 6s
 95500K .......... .......... .......... .......... .......... 38% 47.7M 6s
 95550K .......... .......... .......... .......... .......... 38% 87.8M 6s
 95600K .......... .......... .......... .......... .......... 38% 90.4M 6s
 95650K .......... .......... .......... .......... .......... 38% 30.0M 6s
 95700K .......... .......... .......... .......... .......... 38% 94.0M 6s
 95750K .......... .......... .......... .......... .......... 38% 57.1M 6s
 95800K .......... .......... .......... .......... .......... 38% 86.5M 6s
 95850K .......... .......... .......... .......... .......... 38% 87.2M 6s
 95900K .......... .......... .......... .......... .......... 38% 47.9M 6s
 95950K .......... .......... .......... .......... .......... 38% 73.2M 6s
 96000K .......... .......... .......... .......... .......... 38% 94.7M 6s
 96050K .......... .......... .......... .......... .......... 38% 36.9M 6s
 96100K .......... .......... .......... .......... .......... 38% 45.8M 6s
 96150K .......... .......... .......... .......... .......... 38% 67.4M 6s
 96200K .......... .......... .......... .......... .......... 38% 88.9M 6s
 96250K .......... .......... .......... .......... .......... 38% 58.2M 6s
 96300K .......... .......... .......... .......... .......... 38% 79.0M 6s
 96350K .......... .......... .......... .......... .......... 38% 28.4M 6s
 96400K .......... .......... .......... .......... .......... 39% 64.7M 6s
 96450K .......... .......... .......... .......... .......... 39% 58.8M 6s
 96500K .......... .......... .......... .......... .......... 39% 56.4M 6s
 96550K .......... .......... .......... .......... .......... 39% 28.5M 6s
 96600K .......... .......... .......... .......... .......... 39% 81.1M 6s
 96650K .......... .......... .......... .......... .......... 39% 47.3M 6s
 96700K .......... .......... .......... .......... .......... 39%  120M 6s
 96750K .......... .......... .......... .......... .......... 39% 24.7M 6s
 96800K .......... .......... .......... .......... .......... 39% 54.5M 6s
 96850K .......... .......... .......... .......... .......... 39% 32.0M 6s
 96900K .......... .......... .......... .......... .......... 39% 79.5M 6s
 96950K .......... .......... .......... .......... .......... 39% 9.56M 6s
 97000K .......... .......... .......... .......... .......... 39% 31.5M 6s
 97050K .......... .......... .......... .......... .......... 39% 20.3M 6s
 97100K .......... .......... .......... .......... .......... 39% 70.7M 6s
 97150K .......... .......... .......... .......... .......... 39% 41.1M 6s
 97200K .......... .......... .......... .......... .......... 39% 31.2M 6s
 97250K .......... .......... .......... .......... .......... 39% 34.8M 6s
 97300K .......... .......... .......... .......... .......... 39% 15.7M 6s
 97350K .......... .......... .......... .......... .......... 39% 38.8M 6s
 97400K .......... .......... .......... .......... .......... 39% 67.6M 6s
 97450K .......... .......... .......... .......... .......... 39% 74.6M 6s
 97500K .......... .......... .......... .......... .......... 39% 85.6M 6s
 97550K .......... .......... .......... .......... .......... 39% 72.1M 6s
 97600K .......... .......... .......... .......... .......... 39% 98.2M 6s
 97650K .......... .......... .......... .......... .......... 39% 52.4M 6s
 97700K .......... .......... .......... .......... .......... 39% 76.7M 6s
 97750K .......... .......... .......... .......... .......... 39% 22.1M 6s
 97800K .......... .......... .......... .......... .......... 39% 94.9M 6s
 97850K .......... .......... .......... .......... .......... 39%  100M 6s
 97900K .......... .......... .......... .......... .......... 39% 41.1M 6s
 97950K .......... .......... .......... .......... .......... 39% 60.0M 6s
 98000K .......... .......... .......... .......... .......... 39% 38.2M 6s
 98050K .......... .......... .......... .......... .......... 39% 78.9M 6s
 98100K .......... .......... .......... .......... .......... 39% 88.7M 6s
 98150K .......... .......... .......... .......... .......... 39% 71.5M 6s
 98200K .......... .......... .......... .......... .......... 39% 40.8M 6s
 98250K .......... .......... .......... .......... .......... 39% 64.8M 6s
 98300K .......... .......... .......... .......... .......... 39% 67.0M 6s
 98350K .......... .......... .......... .......... .......... 39% 90.8M 6s
 98400K .......... .......... .......... .......... .......... 39% 62.5M 6s
 98450K .......... .......... .......... .......... .......... 39% 42.1M 6s
 98500K .......... .......... .......... .......... .......... 39% 28.7M 6s
 98550K .......... .......... .......... .......... .......... 39% 61.9M 6s
 98600K .......... .......... .......... .......... .......... 39% 71.9M 6s
 98650K .......... .......... .......... .......... .......... 39% 74.6M 6s
 98700K .......... .......... .......... .......... .......... 39% 82.7M 6s
 98750K .......... .......... .......... .......... .......... 39% 75.1M 6s
 98800K .......... .......... .......... .......... .......... 39%  108M 6s
 98850K .......... .......... .......... .......... .......... 40% 98.6M 6s
 98900K .......... .......... .......... .......... .......... 40% 94.7M 6s
 98950K .......... .......... .......... .......... .......... 40% 83.7M 6s
 99000K .......... .......... .......... .......... .......... 40% 70.7M 6s
 99050K .......... .......... .......... .......... .......... 40% 87.4M 6s
 99100K .......... .......... .......... .......... .......... 40% 91.7M 6s
 99150K .......... .......... .......... .......... .......... 40% 84.8M 6s
 99200K .......... .......... .......... .......... .......... 40%  105M 6s
 99250K .......... .......... .......... .......... .......... 40% 55.0M 6s
 99300K .......... .......... .......... .......... .......... 40% 47.5M 6s
 99350K .......... .......... .......... .......... .......... 40% 82.9M 6s
 99400K .......... .......... .......... .......... .......... 40%  547K 6s
 99450K .......... .......... .......... .......... .......... 40% 93.1M 6s
 99500K .......... .......... .......... .......... .......... 40% 32.9M 6s
 99550K .......... .......... .......... .......... .......... 40% 78.8M 6s
 99600K .......... .......... .......... .......... .......... 40% 68.7M 6s
 99650K .......... .......... .......... .......... .......... 40% 91.2M 6s
 99700K .......... .......... .......... .......... .......... 40% 37.5M 6s
 99750K .......... .......... .......... .......... .......... 40% 75.5M 6s
 99800K .......... .......... .......... .......... .......... 40% 78.9M 6s
 99850K .......... .......... .......... .......... .......... 40%  104M 6s
 99900K .......... .......... .......... .......... .......... 40% 29.9M 6s
 99950K .......... .......... .......... .......... .......... 40% 77.3M 6s
100000K .......... .......... .......... .......... .......... 40% 25.1M 6s
100050K .......... .......... .......... .......... .......... 40% 79.8M 6s
100100K .......... .......... .......... .......... .......... 40% 93.0M 6s
100150K .......... .......... .......... .......... .......... 40% 64.3M 6s
100200K .......... .......... .......... .......... .......... 40%  110M 6s
100250K .......... .......... .......... .......... .......... 40% 62.4M 6s
100300K .......... .......... .......... .......... .......... 40% 56.8M 6s
100350K .......... .......... .......... .......... .......... 40% 47.9M 6s
100400K .......... .......... .......... .......... .......... 40% 98.4M 6s
100450K .......... .......... .......... .......... .......... 40% 52.0M 6s
100500K .......... .......... .......... .......... .......... 40% 66.7M 6s
100550K .......... .......... .......... .......... .......... 40% 25.6M 6s
100600K .......... .......... .......... .......... .......... 40% 91.8M 6s
100650K .......... .......... .......... .......... .......... 40% 93.1M 6s
100700K .......... .......... .......... .......... .......... 40% 46.2M 6s
100750K .......... .......... .......... .......... .......... 40%  120M 6s
100800K .......... .......... .......... .......... .......... 40% 23.5M 6s
100850K .......... .......... .......... .......... .......... 40% 27.1M 6s
100900K .......... .......... .......... .......... .......... 40% 47.7M 6s
100950K .......... .......... .......... .......... .......... 40% 11.4M 6s
101000K .......... .......... .......... .......... .......... 40% 25.5M 6s
101050K .......... .......... .......... .......... .......... 40% 65.6M 6s
101100K .......... .......... .......... .......... .......... 40% 29.5M 6s
101150K .......... .......... .......... .......... .......... 40% 24.1M 6s
101200K .......... .......... .......... .......... .......... 40% 99.0M 6s
101250K .......... .......... .......... .......... .......... 40% 22.3M 6s
101300K .......... .......... .......... .......... .......... 40% 26.5M 6s
101350K .......... .......... .......... .......... .......... 41% 24.9M 6s
101400K .......... .......... .......... .......... .......... 41% 70.1M 6s
101450K .......... .......... .......... .......... .......... 41% 86.7M 6s
101500K .......... .......... .......... .......... .......... 41% 53.0M 6s
101550K .......... .......... .......... .......... .......... 41% 86.3M 6s
101600K .......... .......... .......... .......... .......... 41% 91.1M 6s
101650K .......... .......... .......... .......... .......... 41% 43.7M 6s
101700K .......... .......... .......... .......... .......... 41% 40.7M 6s
101750K .......... .......... .......... .......... .......... 41% 24.1M 6s
101800K .......... .......... .......... .......... .......... 41% 74.9M 6s
101850K .......... .......... .......... .......... .......... 41% 98.6M 6s
101900K .......... .......... .......... .......... .......... 41% 34.8M 6s
101950K .......... .......... .......... .......... .......... 41%  105M 6s
102000K .......... .......... .......... .......... .......... 41% 72.8M 6s
102050K .......... .......... .......... .......... .......... 41% 89.0M 6s
102100K .......... .......... .......... .......... .......... 41% 96.6M 6s
102150K .......... .......... .......... .......... .......... 41% 32.4M 6s
102200K .......... .......... .......... .......... .......... 41% 77.4M 6s
102250K .......... .......... .......... .......... .......... 41% 85.4M 6s
102300K .......... .......... .......... .......... .......... 41% 64.1M 6s
102350K .......... .......... .......... .......... .......... 41% 77.6M 6s
102400K .......... .......... .......... .......... .......... 41% 29.7M 6s
102450K .......... .......... .......... .......... .......... 41% 96.0M 6s
102500K .......... .......... .......... .......... .......... 41% 45.2M 6s
102550K .......... .......... .......... .......... .......... 41% 70.9M 6s
102600K .......... .......... .......... .......... .......... 41% 72.3M 6s
102650K .......... .......... .......... .......... .......... 41% 68.8M 6s
102700K .......... .......... .......... .......... .......... 41% 85.3M 6s
102750K .......... .......... .......... .......... .......... 41% 83.2M 6s
102800K .......... .......... .......... .......... .......... 41% 96.6M 6s
102850K .......... .......... .......... .......... .......... 41% 86.8M 6s
102900K .......... .......... .......... .......... .......... 41% 62.3M 6s
102950K .......... .......... .......... .......... .......... 41% 92.0M 6s
103000K .......... .......... .......... .......... .......... 41% 60.2M 6s
103050K .......... .......... .......... .......... .......... 41% 72.2M 6s
103100K .......... .......... .......... .......... .......... 41% 53.6M 6s
103150K .......... .......... .......... .......... .......... 41% 80.3M 6s
103200K .......... .......... .......... .......... .......... 41% 84.9M 6s
103250K .......... .......... .......... .......... .......... 41% 90.8M 6s
103300K .......... .......... .......... .......... .......... 41% 33.8M 6s
103350K .......... .......... .......... .......... .......... 41%  549K 6s
103400K .......... .......... .......... .......... .......... 41% 89.0M 6s
103450K .......... .......... .......... .......... .......... 41% 35.4M 6s
103500K .......... .......... .......... .......... .......... 41% 79.8M 6s
103550K .......... .......... .......... .......... .......... 41%  105M 6s
103600K .......... .......... .......... .......... .......... 41% 79.9M 6s
103650K .......... .......... .......... .......... .......... 41% 31.1M 6s
103700K .......... .......... .......... .......... .......... 41% 82.2M 6s
103750K .......... .......... .......... .......... .......... 41% 76.5M 6s
103800K .......... .......... .......... .......... .......... 42% 79.8M 6s
103850K .......... .......... .......... .......... .......... 42% 87.3M 6s
103900K .......... .......... .......... .......... .......... 42% 55.6M 6s
103950K .......... .......... .......... .......... .......... 42% 35.8M 6s
104000K .......... .......... .......... .......... .......... 42% 89.9M 6s
104050K .......... .......... .......... .......... .......... 42% 86.0M 6s
104100K .......... .......... .......... .......... .......... 42% 28.4M 6s
104150K .......... .......... .......... .......... .......... 42% 86.5M 6s
104200K .......... .......... .......... .......... .......... 42% 78.9M 6s
104250K .......... .......... .......... .......... .......... 42% 87.1M 6s
104300K .......... .......... .......... .......... .......... 42% 69.2M 6s
104350K .......... .......... .......... .......... .......... 42% 38.6M 6s
104400K .......... .......... .......... .......... .......... 42%  110M 6s
104450K .......... .......... .......... .......... .......... 42% 27.4M 6s
104500K .......... .......... .......... .......... .......... 42% 64.7M 6s
104550K .......... .......... .......... .......... .......... 42% 78.5M 6s
104600K .......... .......... .......... .......... .......... 42% 29.0M 6s
104650K .......... .......... .......... .......... .......... 42% 74.1M 6s
104700K .......... .......... .......... .......... .......... 42% 97.5M 6s
104750K .......... .......... .......... .......... .......... 42% 75.5M 6s
104800K .......... .......... .......... .......... .......... 42% 38.3M 6s
104850K .......... .......... .......... .......... .......... 42% 27.1M 6s
104900K .......... .......... .......... .......... .......... 42% 11.0M 6s
104950K .......... .......... .......... .......... .......... 42% 37.7M 6s
105000K .......... .......... .......... .......... .......... 42% 52.5M 6s
105050K .......... .......... .......... .......... .......... 42% 34.2M 6s
105100K .......... .......... .......... .......... .......... 42% 27.6M 6s
105150K .......... .......... .......... .......... .......... 42% 20.8M 6s
105200K .......... .......... .......... .......... .......... 42% 40.7M 6s
105250K .......... .......... .......... .......... .......... 42% 41.2M 6s
105300K .......... .......... .......... .......... .......... 42% 38.5M 6s
105350K .......... .......... .......... .......... .......... 42% 23.4M 6s
105400K .......... .......... .......... .......... .......... 42% 29.5M 6s
105450K .......... .......... .......... .......... .......... 42% 80.6M 6s
105500K .......... .......... .......... .......... .......... 42% 54.1M 6s
105550K .......... .......... .......... .......... .......... 42% 82.5M 6s
105600K .......... .......... .......... .......... .......... 42% 39.2M 6s
105650K .......... .......... .......... .......... .......... 42%  109M 6s
105700K .......... .......... .......... .......... .......... 42% 89.2M 6s
105750K .......... .......... .......... .......... .......... 42% 19.3M 6s
105800K .......... .......... .......... .......... .......... 42% 97.5M 6s
105850K .......... .......... .......... .......... .......... 42% 81.1M 6s
105900K .......... .......... .......... .......... .......... 42% 50.1M 6s
105950K .......... .......... .......... .......... .......... 42% 48.5M 6s
106000K .......... .......... .......... .......... .......... 42% 50.3M 6s
106050K .......... .......... .......... .......... .......... 42% 84.3M 6s
106100K .......... .......... .......... .......... .......... 42% 89.1M 6s
106150K .......... .......... .......... .......... .......... 42% 44.4M 6s
106200K .......... .......... .......... .......... .......... 42% 87.0M 6s
106250K .......... .......... .......... .......... .......... 42% 79.1M 6s
106300K .......... .......... .......... .......... .......... 43% 71.8M 6s
106350K .......... .......... .......... .......... .......... 43% 73.3M 6s
106400K .......... .......... .......... .......... .......... 43% 78.7M 6s
106450K .......... .......... .......... .......... .......... 43% 17.4M 6s
106500K .......... .......... .......... .......... .......... 43% 86.4M 6s
106550K .......... .......... .......... .......... .......... 43% 73.8M 6s
106600K .......... .......... .......... .......... .......... 43% 67.9M 6s
106650K .......... .......... .......... .......... .......... 43% 66.0M 6s
106700K .......... .......... .......... .......... .......... 43% 78.9M 6s
106750K .......... .......... .......... .......... .......... 43% 78.7M 6s
106800K .......... .......... .......... .......... .......... 43% 90.1M 6s
106850K .......... .......... .......... .......... .......... 43% 96.7M 6s
106900K .......... .......... .......... .......... .......... 43%  112M 6s
106950K .......... .......... .......... .......... .......... 43% 95.2M 6s
107000K .......... .......... .......... .......... .......... 43% 87.0M 6s
107050K .......... .......... .......... .......... .......... 43% 81.1M 6s
107100K .......... .......... .......... .......... .......... 43% 75.5M 6s
107150K .......... .......... .......... .......... .......... 43% 69.6M 6s
107200K .......... .......... .......... .......... .......... 43% 55.2M 6s
107250K .......... .......... .......... .......... .......... 43% 45.7M 6s
107300K .......... .......... .......... .......... .......... 43% 82.4M 6s
107350K .......... .......... .......... .......... .......... 43%  549K 6s
107400K .......... .......... .......... .......... .......... 43% 33.9M 6s
107450K .......... .......... .......... .......... .......... 43% 94.3M 6s
107500K .......... .......... .......... .......... .......... 43%  106M 6s
107550K .......... .......... .......... .......... .......... 43% 70.5M 6s
107600K .......... .......... .......... .......... .......... 43% 95.9M 6s
107650K .......... .......... .......... .......... .......... 43% 35.4M 6s
107700K .......... .......... .......... .......... .......... 43% 95.2M 6s
107750K .......... .......... .......... .......... .......... 43% 81.0M 6s
107800K .......... .......... .......... .......... .......... 43% 72.5M 6s
107850K .......... .......... .......... .......... .......... 43% 85.9M 6s
107900K .......... .......... .......... .......... .......... 43% 44.8M 6s
107950K .......... .......... .......... .......... .......... 43% 26.5M 6s
108000K .......... .......... .......... .......... .......... 43% 70.0M 6s
108050K .......... .......... .......... .......... .......... 43% 39.9M 6s
108100K .......... .......... .......... .......... .......... 43% 86.4M 6s
108150K .......... .......... .......... .......... .......... 43%  127M 6s
108200K .......... .......... .......... .......... .......... 43% 81.8M 6s
108250K .......... .......... .......... .......... .......... 43% 59.9M 6s
108300K .......... .......... .......... .......... .......... 43% 49.4M 6s
108350K .......... .......... .......... .......... .......... 43% 54.5M 6s
108400K .......... .......... .......... .......... .......... 43% 70.3M 6s
108450K .......... .......... .......... .......... .......... 43% 92.3M 6s
108500K .......... .......... .......... .......... .......... 43% 23.4M 6s
108550K .......... .......... .......... .......... .......... 43% 69.2M 6s
108600K .......... .......... .......... .......... .......... 43% 87.5M 6s
108650K .......... .......... .......... .......... .......... 43% 38.7M 6s
108700K .......... .......... .......... .......... .......... 43% 78.6M 6s
108750K .......... .......... .......... .......... .......... 44% 85.4M 6s
108800K .......... .......... .......... .......... .......... 44% 42.4M 6s
108850K .......... .......... .......... .......... .......... 44% 39.6M 6s
108900K .......... .......... .......... .......... .......... 44% 10.6M 6s
108950K .......... .......... .......... .......... .......... 44% 28.4M 6s
109000K .......... .......... .......... .......... .......... 44% 59.4M 6s
109050K .......... .......... .......... .......... .......... 44% 24.0M 6s
109100K .......... .......... .......... .......... .......... 44% 83.8M 6s
109150K .......... .......... .......... .......... .......... 44% 69.3M 6s
109200K .......... .......... .......... .......... .......... 44% 13.9M 6s
109250K .......... .......... .......... .......... .......... 44% 61.3M 6s
109300K .......... .......... .......... .......... .......... 44% 23.6M 6s
109350K .......... .......... .......... .......... .......... 44% 45.5M 6s
109400K .......... .......... .......... .......... .......... 44% 29.0M 6s
109450K .......... .......... .......... .......... .......... 44% 54.4M 6s
109500K .......... .......... .......... .......... .......... 44% 32.9M 6s
109550K .......... .......... .......... .......... .......... 44% 88.8M 6s
109600K .......... .......... .......... .......... .......... 44% 66.5M 6s
109650K .......... .......... .......... .......... .......... 44% 51.6M 6s
109700K .......... .......... .......... .......... .......... 44% 70.9M 6s
109750K .......... .......... .......... .......... .......... 44% 50.7M 6s
109800K .......... .......... .......... .......... .......... 44% 36.2M 6s
109850K .......... .......... .......... .......... .......... 44% 38.1M 6s
109900K .......... .......... .......... .......... .......... 44% 86.7M 6s
109950K .......... .......... .......... .......... .......... 44% 40.8M 6s
110000K .......... .......... .......... .......... .......... 44% 63.4M 6s
110050K .......... .......... .......... .......... .......... 44% 78.9M 6s
110100K .......... .......... .......... .......... .......... 44% 43.6M 6s
110150K .......... .......... .......... .......... .......... 44% 76.0M 6s
110200K .......... .......... .......... .......... .......... 44% 53.4M 6s
110250K .......... .......... .......... .......... .......... 44% 59.6M 6s
110300K .......... .......... .......... .......... .......... 44% 84.1M 6s
110350K .......... .......... .......... .......... .......... 44% 83.1M 6s
110400K .......... .......... .......... .......... .......... 44% 81.0M 6s
110450K .......... .......... .......... .......... .......... 44% 49.3M 6s
110500K .......... .......... .......... .......... .......... 44% 20.9M 6s
110550K .......... .......... .......... .......... .......... 44% 81.2M 6s
110600K .......... .......... .......... .......... .......... 44% 81.1M 6s
110650K .......... .......... .......... .......... .......... 44% 85.9M 6s
110700K .......... .......... .......... .......... .......... 44% 75.0M 6s
110750K .......... .......... .......... .......... .......... 44% 72.3M 6s
110800K .......... .......... .......... .......... .......... 44% 70.9M 6s
110850K .......... .......... .......... .......... .......... 44% 92.7M 6s
110900K .......... .......... .......... .......... .......... 44% 92.6M 6s
110950K .......... .......... .......... .......... .......... 44% 92.5M 6s
111000K .......... .......... .......... .......... .......... 44% 61.6M 6s
111050K .......... .......... .......... .......... .......... 44% 77.3M 6s
111100K .......... .......... .......... .......... .......... 44% 76.8M 6s
111150K .......... .......... .......... .......... .......... 44% 72.1M 6s
111200K .......... .......... .......... .......... .......... 44%  114M 6s
111250K .......... .......... .......... .......... .......... 45% 49.1M 6s
111300K .......... .......... .......... .......... .......... 45%  547K 6s
111350K .......... .......... .......... .......... .......... 45% 86.7M 6s
111400K .......... .......... .......... .......... .......... 45% 79.6M 6s
111450K .......... .......... .......... .......... .......... 45% 35.1M 6s
111500K .......... .......... .......... .......... .......... 45% 79.8M 6s
111550K .......... .......... .......... .......... .......... 45% 73.2M 6s
111600K .......... .......... .......... .......... .......... 45% 80.0M 6s
111650K .......... .......... .......... .......... .......... 45% 70.0M 6s
111700K .......... .......... .......... .......... .......... 45% 39.9M 6s
111750K .......... .......... .......... .......... .......... 45% 77.2M 6s
111800K .......... .......... .......... .......... .......... 45%  118M 6s
111850K .......... .......... .......... .......... .......... 45%  110M 6s
111900K .......... .......... .......... .......... .......... 45% 49.4M 6s
111950K .......... .......... .......... .......... .......... 45% 51.1M 6s
112000K .......... .......... .......... .......... .......... 45% 57.4M 6s
112050K .......... .......... .......... .......... .......... 45% 26.2M 6s
112100K .......... .......... .......... .......... .......... 45% 70.3M 6s
112150K .......... .......... .......... .......... .......... 45% 58.2M 6s
112200K .......... .......... .......... .......... .......... 45% 67.6M 6s
112250K .......... .......... .......... .......... .......... 45% 99.9M 6s
112300K .......... .......... .......... .......... .......... 45% 80.6M 6s
112350K .......... .......... .......... .......... .......... 45% 69.1M 6s
112400K .......... .......... .......... .......... .......... 45% 73.2M 6s
112450K .......... .......... .......... .......... .......... 45% 75.6M 6s
112500K .......... .......... .......... .......... .......... 45% 35.0M 6s
112550K .......... .......... .......... .......... .......... 45% 49.8M 6s
112600K .......... .......... .......... .......... .......... 45% 26.8M 6s
112650K .......... .......... .......... .......... .......... 45% 63.6M 6s
112700K .......... .......... .......... .......... .......... 45% 78.4M 6s
112750K .......... .......... .......... .......... .......... 45% 59.7M 6s
112800K .......... .......... .......... .......... .......... 45% 46.0M 6s
112850K .......... .......... .......... .......... .......... 45% 77.5M 6s
112900K .......... .......... .......... .......... .......... 45% 75.7M 6s
112950K .......... .......... .......... .......... .......... 45% 9.11M 6s
113000K .......... .......... .......... .......... .......... 45% 28.4M 6s
113050K .......... .......... .......... .......... .......... 45% 88.3M 6s
113100K .......... .......... .......... .......... .......... 45% 40.6M 6s
113150K .......... .......... .......... .......... .......... 45% 52.0M 6s
113200K .......... .......... .......... .......... .......... 45% 15.7M 6s
113250K .......... .......... .......... .......... .......... 45% 32.6M 6s
113300K .......... .......... .......... .......... .......... 45% 36.7M 6s
113350K .......... .......... .......... .......... .......... 45% 16.2M 6s
113400K .......... .......... .......... .......... .......... 45% 59.1M 6s
113450K .......... .......... .......... .......... .......... 45% 78.4M 6s
113500K .......... .......... .......... .......... .......... 45% 63.1M 6s
113550K .......... .......... .......... .......... .......... 45% 47.3M 6s
113600K .......... .......... .......... .......... .......... 45% 62.9M 6s
113650K .......... .......... .......... .......... .......... 45% 47.4M 6s
113700K .......... .......... .......... .......... .......... 46% 77.8M 6s
113750K .......... .......... .......... .......... .......... 46% 39.8M 6s
113800K .......... .......... .......... .......... .......... 46% 48.5M 6s
113850K .......... .......... .......... .......... .......... 46% 45.4M 6s
113900K .......... .......... .......... .......... .......... 46% 26.9M 6s
113950K .......... .......... .......... .......... .......... 46% 58.8M 6s
114000K .......... .......... .......... .......... .......... 46% 79.6M 6s
114050K .......... .......... .......... .......... .......... 46% 89.7M 6s
114100K .......... .......... .......... .......... .......... 46% 41.6M 6s
114150K .......... .......... .......... .......... .......... 46% 91.2M 6s
114200K .......... .......... .......... .......... .......... 46% 79.2M 6s
114250K .......... .......... .......... .......... .......... 46% 52.9M 6s
114300K .......... .......... .......... .......... .......... 46% 51.3M 6s
114350K .......... .......... .......... .......... .......... 46% 65.5M 6s
114400K .......... .......... .......... .......... .......... 46% 82.9M 6s
114450K .......... .......... .......... .......... .......... 46% 77.5M 5s
114500K .......... .......... .......... .......... .......... 46% 34.8M 5s
114550K .......... .......... .......... .......... .......... 46% 50.1M 5s
114600K .......... .......... .......... .......... .......... 46% 71.1M 5s
114650K .......... .......... .......... .......... .......... 46% 36.9M 5s
114700K .......... .......... .......... .......... .......... 46% 89.6M 5s
114750K .......... .......... .......... .......... .......... 46% 69.4M 5s
114800K .......... .......... .......... .......... .......... 46% 80.6M 5s
114850K .......... .......... .......... .......... .......... 46% 71.0M 5s
114900K .......... .......... .......... .......... .......... 46% 79.8M 5s
114950K .......... .......... .......... .......... .......... 46% 89.3M 5s
115000K .......... .......... .......... .......... .......... 46% 98.5M 5s
115050K .......... .......... .......... .......... .......... 46% 93.7M 5s
115100K .......... .......... .......... .......... .......... 46% 75.4M 5s
115150K .......... .......... .......... .......... .......... 46% 77.5M 5s
115200K .......... .......... .......... .......... .......... 46% 35.9M 5s
115250K .......... .......... .......... .......... .......... 46% 69.6M 5s
115300K .......... .......... .......... .......... .......... 46%  552K 6s
115350K .......... .......... .......... .......... .......... 46% 87.9M 6s
115400K .......... .......... .......... .......... .......... 46% 41.4M 6s
115450K .......... .......... .......... .......... .......... 46% 64.6M 6s
115500K .......... .......... .......... .......... .......... 46% 88.6M 6s
115550K .......... .......... .......... .......... .......... 46% 71.1M 6s
115600K .......... .......... .......... .......... .......... 46% 67.3M 6s
115650K .......... .......... .......... .......... .......... 46% 37.2M 6s
115700K .......... .......... .......... .......... .......... 46% 87.2M 6s
115750K .......... .......... .......... .......... .......... 46% 86.4M 6s
115800K .......... .......... .......... .......... .......... 46% 65.7M 6s
115850K .......... .......... .......... .......... .......... 46% 57.9M 6s
115900K .......... .......... .......... .......... .......... 46% 40.7M 5s
115950K .......... .......... .......... .......... .......... 46% 92.0M 5s
116000K .......... .......... .......... .......... .......... 46% 71.8M 5s
116050K .......... .......... .......... .......... .......... 46% 25.5M 5s
116100K .......... .......... .......... .......... .......... 46% 26.8M 5s
116150K .......... .......... .......... .......... .......... 46% 94.4M 5s
116200K .......... .......... .......... .......... .......... 47% 78.0M 5s
116250K .......... .......... .......... .......... .......... 47% 60.2M 5s
116300K .......... .......... .......... .......... .......... 47% 45.0M 5s
116350K .......... .......... .......... .......... .......... 47% 54.7M 5s
116400K .......... .......... .......... .......... .......... 47% 81.3M 5s
116450K .......... .......... .......... .......... .......... 47% 96.1M 5s
116500K .......... .......... .......... .......... .......... 47% 99.8M 5s
116550K .......... .......... .......... .......... .......... 47% 78.1M 5s
116600K .......... .......... .......... .......... .......... 47% 74.8M 5s
116650K .......... .......... .......... .......... .......... 47% 25.3M 5s
116700K .......... .......... .......... .......... .......... 47% 32.2M 5s
116750K .......... .......... .......... .......... .......... 47% 98.0M 5s
116800K .......... .......... .......... .......... .......... 47%  121M 5s
116850K .......... .......... .......... .......... .......... 47% 74.3M 5s
116900K .......... .......... .......... .......... .......... 47%  118M 5s
116950K .......... .......... .......... .......... .......... 47% 10.0M 5s
117000K .......... .......... .......... .......... .......... 47% 41.1M 5s
117050K .......... .......... .......... .......... .......... 47% 44.4M 5s
117100K .......... .......... .......... .......... .......... 47% 17.7M 5s
117150K .......... .......... .......... .......... .......... 47%  111M 5s
117200K .......... .......... .......... .......... .......... 47% 85.3M 5s
117250K .......... .......... .......... .......... .......... 47% 15.9M 5s
117300K .......... .......... .......... .......... .......... 47% 67.0M 5s
117350K .......... .......... .......... .......... .......... 47% 15.5M 5s
117400K .......... .......... .......... .......... .......... 47% 29.3M 5s
117450K .......... .......... .......... .......... .......... 47% 90.8M 5s
117500K .......... .......... .......... .......... .......... 47% 78.0M 5s
117550K .......... .......... .......... .......... .......... 47% 79.6M 5s
117600K .......... .......... .......... .......... .......... 47% 43.3M 5s
117650K .......... .......... .......... .......... .......... 47% 68.7M 5s
117700K .......... .......... .......... .......... .......... 47% 83.7M 5s
117750K .......... .......... .......... .......... .......... 47% 22.1M 5s
117800K .......... .......... .......... .......... .......... 47% 87.1M 5s
117850K .......... .......... .......... .......... .......... 47% 59.9M 5s
117900K .......... .......... .......... .......... .......... 47% 23.3M 5s
117950K .......... .......... .......... .......... .......... 47% 58.7M 5s
118000K .......... .......... .......... .......... .......... 47% 69.8M 5s
118050K .......... .......... .......... .......... .......... 47%  103M 5s
118100K .......... .......... .......... .......... .......... 47% 46.7M 5s
118150K .......... .......... .......... .......... .......... 47% 68.4M 5s
118200K .......... .......... .......... .......... .......... 47% 50.9M 5s
118250K .......... .......... .......... .......... .......... 47% 60.5M 5s
118300K .......... .......... .......... .......... .......... 47% 76.9M 5s
118350K .......... .......... .......... .......... .......... 47% 87.1M 5s
118400K .......... .......... .......... .......... .......... 47% 79.5M 5s
118450K .......... .......... .......... .......... .......... 47%  113M 5s
118500K .......... .......... .......... .......... .......... 47% 73.8M 5s
118550K .......... .......... .......... .......... .......... 47% 26.8M 5s
118600K .......... .......... .......... .......... .......... 47% 63.7M 5s
118650K .......... .......... .......... .......... .......... 48% 71.8M 5s
118700K .......... .......... .......... .......... .......... 48% 59.1M 5s
118750K .......... .......... .......... .......... .......... 48% 61.9M 5s
118800K .......... .......... .......... .......... .......... 48% 83.9M 5s
118850K .......... .......... .......... .......... .......... 48% 80.1M 5s
118900K .......... .......... .......... .......... .......... 48% 78.5M 5s
118950K .......... .......... .......... .......... .......... 48%  102M 5s
119000K .......... .......... .......... .......... .......... 48% 74.4M 5s
119050K .......... .......... .......... .......... .......... 48% 52.2M 5s
119100K .......... .......... .......... .......... .......... 48% 97.9M 5s
119150K .......... .......... .......... .......... .......... 48% 66.9M 5s
119200K .......... .......... .......... .......... .......... 48% 69.4M 5s
119250K .......... .......... .......... .......... .......... 48% 83.7M 5s
119300K .......... .......... .......... .......... .......... 48%  546K 5s
119350K .......... .......... .......... .......... .......... 48%  104M 5s
119400K .......... .......... .......... .......... .......... 48% 53.0M 5s
119450K .......... .......... .......... .......... .......... 48% 63.6M 5s
119500K .......... .......... .......... .......... .......... 48% 82.9M 5s
119550K .......... .......... .......... .......... .......... 48% 91.9M 5s
119600K .......... .......... .......... .......... .......... 48% 46.1M 5s
119650K .......... .......... .......... .......... .......... 48% 54.1M 5s
119700K .......... .......... .......... .......... .......... 48% 64.8M 5s
119750K .......... .......... .......... .......... .......... 48% 95.6M 5s
119800K .......... .......... .......... .......... .......... 48% 77.9M 5s
119850K .......... .......... .......... .......... .......... 48% 53.3M 5s
119900K .......... .......... .......... .......... .......... 48% 54.4M 5s
119950K .......... .......... .......... .......... .......... 48% 70.7M 5s
120000K .......... .......... .......... .......... .......... 48% 83.1M 5s
120050K .......... .......... .......... .......... .......... 48% 20.4M 5s
120100K .......... .......... .......... .......... .......... 48% 87.0M 5s
120150K .......... .......... .......... .......... .......... 48% 66.6M 5s
120200K .......... .......... .......... .......... .......... 48% 73.6M 5s
120250K .......... .......... .......... .......... .......... 48% 55.7M 5s
120300K .......... .......... .......... .......... .......... 48% 38.8M 5s
120350K .......... .......... .......... .......... .......... 48% 92.8M 5s
120400K .......... .......... .......... .......... .......... 48%  102M 5s
120450K .......... .......... .......... .......... .......... 48% 18.3M 5s
120500K .......... .......... .......... .......... .......... 48% 86.2M 5s
120550K .......... .......... .......... .......... .......... 48% 84.9M 5s
120600K .......... .......... .......... .......... .......... 48% 84.9M 5s
120650K .......... .......... .......... .......... .......... 48% 88.2M 5s
120700K .......... .......... .......... .......... .......... 48% 36.2M 5s
120750K .......... .......... .......... .......... .......... 48% 90.1M 5s
120800K .......... .......... .......... .......... .......... 48% 57.2M 5s
120850K .......... .......... .......... .......... .......... 48% 70.3M 5s
120900K .......... .......... .......... .......... .......... 48% 75.9M 5s
120950K .......... .......... .......... .......... .......... 48% 14.4M 5s
121000K .......... .......... .......... .......... .......... 48% 21.0M 5s
121050K .......... .......... .......... .......... .......... 48% 24.0M 5s
121100K .......... .......... .......... .......... .......... 49% 37.6M 5s
121150K .......... .......... .......... .......... .......... 49%  111M 5s
121200K .......... .......... .......... .......... .......... 49% 71.4M 5s
121250K .......... .......... .......... .......... .......... 49% 20.4M 5s
121300K .......... .......... .......... .......... .......... 49% 19.6M 5s
121350K .......... .......... .......... .......... .......... 49% 90.7M 5s
121400K .......... .......... .......... .......... .......... 49% 13.3M 5s
121450K .......... .......... .......... .......... .......... 49% 47.8M 5s
121500K .......... .......... .......... .......... .......... 49% 90.2M 5s
121550K .......... .......... .......... .......... .......... 49% 69.0M 5s
121600K .......... .......... .......... .......... .......... 49% 37.8M 5s
121650K .......... .......... .......... .......... .......... 49% 71.3M 5s
121700K .......... .......... .......... .......... .......... 49% 63.0M 5s
121750K .......... .......... .......... .......... .......... 49% 31.8M 5s
121800K .......... .......... .......... .......... .......... 49% 93.2M 5s
121850K .......... .......... .......... .......... .......... 49% 43.1M 5s
121900K .......... .......... .......... .......... .......... 49% 44.7M 5s
121950K .......... .......... .......... .......... .......... 49% 34.5M 5s
122000K .......... .......... .......... .......... .......... 49% 64.7M 5s
122050K .......... .......... .......... .......... .......... 49% 50.1M 5s
122100K .......... .......... .......... .......... .......... 49% 63.4M 5s
122150K .......... .......... .......... .......... .......... 49% 65.7M 5s
122200K .......... .......... .......... .......... .......... 49% 83.1M 5s
122250K .......... .......... .......... .......... .......... 49% 53.1M 5s
122300K .......... .......... .......... .......... .......... 49% 59.6M 5s
122350K .......... .......... .......... .......... .......... 49% 68.0M 5s
122400K .......... .......... .......... .......... .......... 49% 92.5M 5s
122450K .......... .......... .......... .......... .......... 49% 79.3M 5s
122500K .......... .......... .......... .......... .......... 49% 78.4M 5s
122550K .......... .......... .......... .......... .......... 49% 36.9M 5s
122600K .......... .......... .......... .......... .......... 49% 37.4M 5s
122650K .......... .......... .......... .......... .......... 49% 73.5M 5s
122700K .......... .......... .......... .......... .......... 49% 86.3M 5s
122750K .......... .......... .......... .......... .......... 49% 43.4M 5s
122800K .......... .......... .......... .......... .......... 49% 74.6M 5s
122850K .......... .......... .......... .......... .......... 49% 72.5M 5s
122900K .......... .......... .......... .......... .......... 49% 88.9M 5s
122950K .......... .......... .......... .......... .......... 49% 83.2M 5s
123000K .......... .......... .......... .......... .......... 49% 76.4M 5s
123050K .......... .......... .......... .......... .......... 49% 97.0M 5s
123100K .......... .......... .......... .......... .......... 49% 86.7M 5s
123150K .......... .......... .......... .......... .......... 49%  108M 5s
123200K .......... .......... .......... .......... .......... 49% 92.9M 5s
123250K .......... .......... .......... .......... .......... 49%  547K 5s
123300K .......... .......... .......... .......... .......... 49% 43.2M 5s
123350K .......... .......... .......... .......... .......... 49%  104M 5s
123400K .......... .......... .......... .......... .......... 49% 48.1M 5s
123450K .......... .......... .......... .......... .......... 49% 99.1M 5s
123500K .......... .......... .......... .......... .......... 49% 50.9M 5s
123550K .......... .......... .......... .......... .......... 49% 48.5M 5s
123600K .......... .......... .......... .......... .......... 50% 50.6M 5s
123650K .......... .......... .......... .......... .......... 50% 78.9M 5s
123700K .......... .......... .......... .......... .......... 50%  107M 5s
123750K .......... .......... .......... .......... .......... 50% 87.6M 5s
123800K .......... .......... .......... .......... .......... 50% 51.4M 5s
123850K .......... .......... .......... .......... .......... 50% 47.1M 5s
123900K .......... .......... .......... .......... .......... 50%  104M 5s
123950K .......... .......... .......... .......... .......... 50% 80.7M 5s
124000K .......... .......... .......... .......... .......... 50% 93.4M 5s
124050K .......... .......... .......... .......... .......... 50% 49.1M 5s
124100K .......... .......... .......... .......... .......... 50% 25.5M 5s
124150K .......... .......... .......... .......... .......... 50% 57.8M 5s
124200K .......... .......... .......... .......... .......... 50% 83.3M 5s
124250K .......... .......... .......... .......... .......... 50% 39.0M 5s
124300K .......... .......... .......... .......... .......... 50% 57.0M 5s
124350K .......... .......... .......... .......... .......... 50% 59.3M 5s
124400K .......... .......... .......... .......... .......... 50% 58.3M 5s
124450K .......... .......... .......... .......... .......... 50% 48.0M 5s
124500K .......... .......... .......... .......... .......... 50% 34.4M 5s
124550K .......... .......... .......... .......... .......... 50% 72.3M 5s
124600K .......... .......... .......... .......... .......... 50% 83.2M 5s
124650K .......... .......... .......... .......... .......... 50% 91.4M 5s
124700K .......... .......... .......... .......... .......... 50% 62.1M 5s
124750K .......... .......... .......... .......... .......... 50% 43.6M 5s
124800K .......... .......... .......... .......... .......... 50%  103M 5s
124850K .......... .......... .......... .......... .......... 50% 48.1M 5s
124900K .......... .......... .......... .......... .......... 50% 64.4M 5s
124950K .......... .......... .......... .......... .......... 50% 14.6M 5s
125000K .......... .......... .......... .......... .......... 50% 57.3M 5s
125050K .......... .......... .......... .......... .......... 50% 14.4M 5s
125100K .......... .......... .......... .......... .......... 50% 38.9M 5s
125150K .......... .......... .......... .......... .......... 50% 99.2M 5s
125200K .......... .......... .......... .......... .......... 50% 35.4M 5s
125250K .......... .......... .......... .......... .......... 50%  100M 5s
125300K .......... .......... .......... .......... .......... 50% 15.9M 5s
125350K .......... .......... .......... .......... .......... 50% 38.5M 5s
125400K .......... .......... .......... .......... .......... 50% 28.0M 5s
125450K .......... .......... .......... .......... .......... 50% 15.3M 5s
125500K .......... .......... .......... .......... .......... 50% 81.3M 5s
125550K .......... .......... .......... .......... .......... 50% 81.3M 5s
125600K .......... .......... .......... .......... .......... 50% 65.3M 5s
125650K .......... .......... .......... .......... .......... 50% 90.2M 5s
125700K .......... .......... .......... .......... .......... 50% 85.6M 5s
125750K .......... .......... .......... .......... .......... 50% 32.9M 5s
125800K .......... .......... .......... .......... .......... 50% 85.9M 5s
125850K .......... .......... .......... .......... .......... 50% 19.4M 5s
125900K .......... .......... .......... .......... .......... 50% 78.8M 5s
125950K .......... .......... .......... .......... .......... 50% 31.0M 5s
126000K .......... .......... .......... .......... .......... 50% 76.4M 5s
126050K .......... .......... .......... .......... .......... 51% 67.9M 5s
126100K .......... .......... .......... .......... .......... 51% 39.5M 5s
126150K .......... .......... .......... .......... .......... 51% 71.3M 5s
126200K .......... .......... .......... .......... .......... 51% 72.7M 5s
126250K .......... .......... .......... .......... .......... 51% 84.3M 5s
126300K .......... .......... .......... .......... .......... 51% 58.2M 5s
126350K .......... .......... .......... .......... .......... 51% 78.4M 5s
126400K .......... .......... .......... .......... .......... 51% 64.1M 5s
126450K .......... .......... .......... .......... .......... 51% 66.5M 5s
126500K .......... .......... .......... .......... .......... 51% 76.9M 5s
126550K .......... .......... .......... .......... .......... 51% 37.4M 5s
126600K .......... .......... .......... .......... .......... 51% 36.4M 5s
126650K .......... .......... .......... .......... .......... 51% 73.9M 5s
126700K .......... .......... .......... .......... .......... 51% 84.6M 5s
126750K .......... .......... .......... .......... .......... 51% 88.5M 5s
126800K .......... .......... .......... .......... .......... 51% 86.5M 5s
126850K .......... .......... .......... .......... .......... 51% 70.7M 5s
126900K .......... .......... .......... .......... .......... 51% 71.7M 5s
126950K .......... .......... .......... .......... .......... 51% 67.9M 5s
127000K .......... .......... .......... .......... .......... 51% 82.3M 5s
127050K .......... .......... .......... .......... .......... 51% 90.8M 5s
127100K .......... .......... .......... .......... .......... 51%  115M 5s
127150K .......... .......... .......... .......... .......... 51% 77.3M 5s
127200K .......... .......... .......... .......... .......... 51% 79.2M 5s
127250K .......... .......... .......... .......... .......... 51% 78.8M 5s
127300K .......... .......... .......... .......... .......... 51%  547K 5s
127350K .......... .......... .......... .......... .......... 51% 50.7M 5s
127400K .......... .......... .......... .......... .......... 51% 62.1M 5s
127450K .......... .......... .......... .......... .......... 51% 54.4M 5s
127500K .......... .......... .......... .......... .......... 51% 82.3M 5s
127550K .......... .......... .......... .......... .......... 51% 65.7M 5s
127600K .......... .......... .......... .......... .......... 51% 64.9M 5s
127650K .......... .......... .......... .......... .......... 51% 45.5M 5s
127700K .......... .......... .......... .......... .......... 51% 76.2M 5s
127750K .......... .......... .......... .......... .......... 51% 99.3M 5s
127800K .......... .......... .......... .......... .......... 51% 46.7M 5s
127850K .......... .......... .......... .......... .......... 51% 52.2M 5s
127900K .......... .......... .......... .......... .......... 51% 84.8M 5s
127950K .......... .......... .......... .......... .......... 51% 61.6M 5s
128000K .......... .......... .......... .......... .......... 51% 89.2M 5s
128050K .......... .......... .......... .......... .......... 51% 94.8M 5s
128100K .......... .......... .......... .......... .......... 51% 21.5M 5s
128150K .......... .......... .......... .......... .......... 51% 66.2M 5s
128200K .......... .......... .......... .......... .......... 51% 84.4M 5s
128250K .......... .......... .......... .......... .......... 51% 75.5M 5s
128300K .......... .......... .......... .......... .......... 51% 38.0M 5s
128350K .......... .......... .......... .......... .......... 51% 43.8M 5s
128400K .......... .......... .......... .......... .......... 51% 49.0M 5s
128450K .......... .......... .......... .......... .......... 51% 78.8M 5s
128500K .......... .......... .......... .......... .......... 51% 58.5M 5s
128550K .......... .......... .......... .......... .......... 52% 23.5M 5s
128600K .......... .......... .......... .......... .......... 52% 86.0M 5s
128650K .......... .......... .......... .......... .......... 52% 88.2M 5s
128700K .......... .......... .......... .......... .......... 52% 87.1M 5s
128750K .......... .......... .......... .......... .......... 52% 49.3M 5s
128800K .......... .......... .......... .......... .......... 52% 89.5M 5s
128850K .......... .......... .......... .......... .......... 52% 91.0M 5s
128900K .......... .......... .......... .......... .......... 52% 14.3M 5s
128950K .......... .......... .......... .......... .......... 52% 76.5M 5s
129000K .......... .......... .......... .......... .......... 52% 51.3M 5s
129050K .......... .......... .......... .......... .......... 52% 28.8M 5s
129100K .......... .......... .......... .......... .......... 52% 20.0M 5s
129150K .......... .......... .......... .......... .......... 52% 51.4M 5s
129200K .......... .......... .......... .......... .......... 52% 37.7M 5s
129250K .......... .......... .......... .......... .......... 52% 34.7M 5s
129300K .......... .......... .......... .......... .......... 52% 27.5M 5s
129350K .......... .......... .......... .......... .......... 52% 32.9M 5s
129400K .......... .......... .......... .......... .......... 52% 23.7M 5s
129450K .......... .......... .......... .......... .......... 52% 25.8M 5s
129500K .......... .......... .......... .......... .......... 52% 23.2M 5s
129550K .......... .......... .......... .......... .......... 52% 62.2M 5s
129600K .......... .......... .......... .......... .......... 52% 79.9M 5s
129650K .......... .......... .......... .......... .......... 52% 73.2M 5s
129700K .......... .......... .......... .......... .......... 52% 74.5M 5s
129750K .......... .......... .......... .......... .......... 52% 56.6M 5s
129800K .......... .......... .......... .......... .......... 52% 84.4M 5s
129850K .......... .......... .......... .......... .......... 52% 27.6M 5s
129900K .......... .......... .......... .......... .......... 52% 34.2M 5s
129950K .......... .......... .......... .......... .......... 52% 86.8M 5s
130000K .......... .......... .......... .......... .......... 52% 29.4M 5s
130050K .......... .......... .......... .......... .......... 52% 76.0M 5s
130100K .......... .......... .......... .......... .......... 52% 43.0M 5s
130150K .......... .......... .......... .......... .......... 52% 61.4M 5s
130200K .......... .......... .......... .......... .......... 52% 68.6M 5s
130250K .......... .......... .......... .......... .......... 52% 60.2M 5s
130300K .......... .......... .......... .......... .......... 52% 85.2M 5s
130350K .......... .......... .......... .......... .......... 52% 80.2M 5s
130400K .......... .......... .......... .......... .......... 52% 82.2M 5s
130450K .......... .......... .......... .......... .......... 52% 71.5M 5s
130500K .......... .......... .......... .......... .......... 52% 37.5M 5s
130550K .......... .......... .......... .......... .......... 52% 92.6M 5s
130600K .......... .......... .......... .......... .......... 52% 57.0M 5s
130650K .......... .......... .......... .......... .......... 52% 40.2M 5s
130700K .......... .......... .......... .......... .......... 52% 75.4M 5s
130750K .......... .......... .......... .......... .......... 52% 36.2M 5s
130800K .......... .......... .......... .......... .......... 52% 47.5M 5s
130850K .......... .......... .......... .......... .......... 52% 94.4M 5s
130900K .......... .......... .......... .......... .......... 52% 76.6M 5s
130950K .......... .......... .......... .......... .......... 52% 63.2M 5s
131000K .......... .......... .......... .......... .......... 53% 77.7M 5s
131050K .......... .......... .......... .......... .......... 53% 44.4M 5s
131100K .......... .......... .......... .......... .......... 53% 70.0M 5s
131150K .......... .......... .......... .......... .......... 53% 96.9M 5s
131200K .......... .......... .......... .......... .......... 53% 89.3M 5s
131250K .......... .......... .......... .......... .......... 53%  560K 5s
131300K .......... .......... .......... .......... .......... 53% 56.5M 5s
131350K .......... .......... .......... .......... .......... 53% 71.4M 5s
131400K .......... .......... .......... .......... .......... 53% 34.2M 5s
131450K .......... .......... .......... .......... .......... 53% 51.9M 5s
131500K .......... .......... .......... .......... .......... 53% 48.5M 5s
131550K .......... .......... .......... .......... .......... 53% 67.0M 5s
131600K .......... .......... .......... .......... .......... 53% 61.7M 5s
131650K .......... .......... .......... .......... .......... 53% 66.5M 5s
131700K .......... .......... .......... .......... .......... 53% 54.9M 5s
131750K .......... .......... .......... .......... .......... 53% 78.9M 5s
131800K .......... .......... .......... .......... .......... 53% 61.2M 5s
131850K .......... .......... .......... .......... .......... 53% 66.2M 5s
131900K .......... .......... .......... .......... .......... 53%  106M 5s
131950K .......... .......... .......... .......... .......... 53% 85.2M 5s
132000K .......... .......... .......... .......... .......... 53% 35.1M 5s
132050K .......... .......... .......... .......... .......... 53% 75.2M 5s
132100K .......... .......... .......... .......... .......... 53% 29.2M 5s
132150K .......... .......... .......... .......... .......... 53% 84.0M 5s
132200K .......... .......... .......... .......... .......... 53% 70.5M 5s
132250K .......... .......... .......... .......... .......... 53% 36.0M 5s
132300K .......... .......... .......... .......... .......... 53% 65.3M 5s
132350K .......... .......... .......... .......... .......... 53% 39.4M 5s
132400K .......... .......... .......... .......... .......... 53% 63.6M 5s
132450K .......... .......... .......... .......... .......... 53% 79.5M 5s
132500K .......... .......... .......... .......... .......... 53% 58.2M 5s
132550K .......... .......... .......... .......... .......... 53% 28.4M 5s
132600K .......... .......... .......... .......... .......... 53% 65.3M 5s
132650K .......... .......... .......... .......... .......... 53% 47.8M 5s
132700K .......... .......... .......... .......... .......... 53% 58.1M 5s
132750K .......... .......... .......... .......... .......... 53% 69.9M 5s
132800K .......... .......... .......... .......... .......... 53% 36.0M 5s
132850K .......... .......... .......... .......... .......... 53%  103M 5s
132900K .......... .......... .......... .......... .......... 53% 17.7M 5s
132950K .......... .......... .......... .......... .......... 53% 45.0M 5s
133000K .......... .......... .......... .......... .......... 53% 66.5M 5s
133050K .......... .......... .......... .......... .......... 53% 55.5M 5s
133100K .......... .......... .......... .......... .......... 53% 16.0M 5s
133150K .......... .......... .......... .......... .......... 53% 49.0M 5s
133200K .......... .......... .......... .......... .......... 53% 39.7M 5s
133250K .......... .......... .......... .......... .......... 53% 85.8M 5s
133300K .......... .......... .......... .......... .......... 53% 45.1M 5s
133350K .......... .......... .......... .......... .......... 53% 23.3M 5s
133400K .......... .......... .......... .......... .......... 53% 25.2M 5s
133450K .......... .......... .......... .......... .......... 53% 66.1M 5s
133500K .......... .......... .......... .......... .......... 54% 14.0M 5s
133550K .......... .......... .......... .......... .......... 54% 54.3M 5s
133600K .......... .......... .......... .......... .......... 54% 75.7M 5s
133650K .......... .......... .......... .......... .......... 54% 82.6M 5s
133700K .......... .......... .......... .......... .......... 54% 53.9M 5s
133750K .......... .......... .......... .......... .......... 54% 88.7M 5s
133800K .......... .......... .......... .......... .......... 54% 32.7M 5s
133850K .......... .......... .......... .......... .......... 54%  106M 5s
133900K .......... .......... .......... .......... .......... 54% 35.1M 5s
133950K .......... .......... .......... .......... .......... 54% 38.4M 5s
134000K .......... .......... .......... .......... .......... 54% 18.8M 5s
134050K .......... .......... .......... .......... .......... 54% 98.7M 5s
134100K .......... .......... .......... .......... .......... 54% 75.7M 5s
134150K .......... .......... .......... .......... .......... 54% 61.9M 5s
134200K .......... .......... .......... .......... .......... 54%  102M 5s
134250K .......... .......... .......... .......... .......... 54% 82.1M 5s
134300K .......... .......... .......... .......... .......... 54% 48.3M 5s
134350K .......... .......... .......... .......... .......... 54% 91.2M 5s
134400K .......... .......... .......... .......... .......... 54% 90.0M 5s
134450K .......... .......... .......... .......... .......... 54% 71.9M 5s
134500K .......... .......... .......... .......... .......... 54% 54.5M 5s
134550K .......... .......... .......... .......... .......... 54% 50.9M 5s
134600K .......... .......... .......... .......... .......... 54% 38.1M 5s
134650K .......... .......... .......... .......... .......... 54%  102M 5s
134700K .......... .......... .......... .......... .......... 54% 54.0M 5s
134750K .......... .......... .......... .......... .......... 54% 54.4M 5s
134800K .......... .......... .......... .......... .......... 54% 55.5M 5s
134850K .......... .......... .......... .......... .......... 54% 56.8M 5s
134900K .......... .......... .......... .......... .......... 54% 66.8M 5s
134950K .......... .......... .......... .......... .......... 54% 83.5M 5s
135000K .......... .......... .......... .......... .......... 54% 69.1M 5s
135050K .......... .......... .......... .......... .......... 54% 79.1M 5s
135100K .......... .......... .......... .......... .......... 54% 73.4M 5s
135150K .......... .......... .......... .......... .......... 54% 34.7M 5s
135200K .......... .......... .......... .......... .......... 54%  558K 5s
135250K .......... .......... .......... .......... .......... 54% 81.4M 5s
135300K .......... .......... .......... .......... .......... 54% 75.2M 5s
135350K .......... .......... .......... .......... .......... 54% 70.4M 5s
135400K .......... .......... .......... .......... .......... 54% 26.6M 5s
135450K .......... .......... .......... .......... .......... 54% 69.1M 5s
135500K .......... .......... .......... .......... .......... 54% 88.8M 5s
135550K .......... .......... .......... .......... .......... 54% 72.1M 5s
135600K .......... .......... .......... .......... .......... 54% 71.9M 5s
135650K .......... .......... .......... .......... .......... 54% 44.1M 5s
135700K .......... .......... .......... .......... .......... 54% 69.1M 5s
135750K .......... .......... .......... .......... .......... 54% 72.0M 5s
135800K .......... .......... .......... .......... .......... 54% 72.5M 5s
135850K .......... .......... .......... .......... .......... 54% 75.9M 5s
135900K .......... .......... .......... .......... .......... 54% 66.5M 5s
135950K .......... .......... .......... .......... .......... 55% 88.4M 5s
136000K .......... .......... .......... .......... .......... 55% 70.8M 5s
136050K .......... .......... .......... .......... .......... 55% 55.5M 5s
136100K .......... .......... .......... .......... .......... 55% 51.9M 5s
136150K .......... .......... .......... .......... .......... 55% 37.4M 5s
136200K .......... .......... .......... .......... .......... 55% 71.0M 5s
136250K .......... .......... .......... .......... .......... 55% 81.8M 5s
136300K .......... .......... .......... .......... .......... 55% 29.3M 5s
136350K .......... .......... .......... .......... .......... 55% 32.8M 5s
136400K .......... .......... .......... .......... .......... 55% 72.4M 5s
136450K .......... .......... .......... .......... .......... 55% 52.4M 5s
136500K .......... .......... .......... .......... .......... 55% 70.9M 5s
136550K .......... .......... .......... .......... .......... 55% 55.8M 5s
136600K .......... .......... .......... .......... .......... 55% 34.9M 5s
136650K .......... .......... .......... .......... .......... 55% 82.7M 5s
136700K .......... .......... .......... .......... .......... 55% 35.8M 5s
136750K .......... .......... .......... .......... .......... 55% 82.9M 5s
136800K .......... .......... .......... .......... .......... 55% 82.5M 5s
136850K .......... .......... .......... .......... .......... 55% 17.6M 5s
136900K .......... .......... .......... .......... .......... 55% 43.7M 5s
136950K .......... .......... .......... .......... .......... 55% 86.1M 5s
137000K .......... .......... .......... .......... .......... 55% 65.4M 5s
137050K .......... .......... .......... .......... .......... 55% 35.8M 5s
137100K .......... .......... .......... .......... .......... 55% 61.6M 5s
137150K .......... .......... .......... .......... .......... 55% 20.4M 5s
137200K .......... .......... .......... .......... .......... 55% 44.6M 5s
137250K .......... .......... .......... .......... .......... 55% 35.7M 5s
137300K .......... .......... .......... .......... .......... 55% 41.3M 5s
137350K .......... .......... .......... .......... .......... 55% 40.7M 5s
137400K .......... .......... .......... .......... .......... 55% 18.4M 5s
137450K .......... .......... .......... .......... .......... 55% 96.3M 5s
137500K .......... .......... .......... .......... .......... 55% 29.4M 5s
137550K .......... .......... .......... .......... .......... 55% 13.5M 5s
137600K .......... .......... .......... .......... .......... 55% 77.9M 5s
137650K .......... .......... .......... .......... .......... 55% 76.0M 5s
137700K .......... .......... .......... .......... .......... 55%  106M 5s
137750K .......... .......... .......... .......... .......... 55% 57.0M 5s
137800K .......... .......... .......... .......... .......... 55% 69.5M 5s
137850K .......... .......... .......... .......... .......... 55% 41.7M 5s
137900K .......... .......... .......... .......... .......... 55% 48.4M 5s
137950K .......... .......... .......... .......... .......... 55% 37.0M 5s
138000K .......... .......... .......... .......... .......... 55% 28.0M 5s
138050K .......... .......... .......... .......... .......... 55% 40.5M 5s
138100K .......... .......... .......... .......... .......... 55% 50.7M 5s
138150K .......... .......... .......... .......... .......... 55% 57.2M 5s
138200K .......... .......... .......... .......... .......... 55% 64.2M 5s
138250K .......... .......... .......... .......... .......... 55% 75.4M 5s
138300K .......... .......... .......... .......... .......... 55% 82.0M 5s
138350K .......... .......... .......... .......... .......... 55% 53.7M 5s
138400K .......... .......... .......... .......... .......... 55% 94.8M 5s
138450K .......... .......... .......... .......... .......... 56% 38.2M 5s
138500K .......... .......... .......... .......... .......... 56% 58.8M 5s
138550K .......... .......... .......... .......... .......... 56% 99.6M 5s
138600K .......... .......... .......... .......... .......... 56% 28.4M 5s
138650K .......... .......... .......... .......... .......... 56% 67.3M 5s
138700K .......... .......... .......... .......... .......... 56% 64.3M 4s
138750K .......... .......... .......... .......... .......... 56% 87.7M 4s
138800K .......... .......... .......... .......... .......... 56% 98.6M 4s
138850K .......... .......... .......... .......... .......... 56% 67.4M 4s
138900K .......... .......... .......... .......... .......... 56% 21.0M 4s
138950K .......... .......... .......... .......... .......... 56%  112M 4s
139000K .......... .......... .......... .......... .......... 56%  111M 4s
139050K .......... .......... .......... .......... .......... 56% 73.7M 4s
139100K .......... .......... .......... .......... .......... 56% 76.2M 4s
139150K .......... .......... .......... .......... .......... 56% 83.9M 4s
139200K .......... .......... .......... .......... .......... 56%  562K 5s
139250K .......... .......... .......... .......... .......... 56% 24.1M 5s
139300K .......... .......... .......... .......... .......... 56% 67.5M 5s
139350K .......... .......... .......... .......... .......... 56% 82.5M 5s
139400K .......... .......... .......... .......... .......... 56% 75.9M 5s
139450K .......... .......... .......... .......... .......... 56% 54.1M 5s
139500K .......... .......... .......... .......... .......... 56% 75.1M 5s
139550K .......... .......... .......... .......... .......... 56% 83.2M 5s
139600K .......... .......... .......... .......... .......... 56% 69.6M 5s
139650K .......... .......... .......... .......... .......... 56% 42.5M 5s
139700K .......... .......... .......... .......... .......... 56% 49.4M 5s
139750K .......... .......... .......... .......... .......... 56% 77.8M 5s
139800K .......... .......... .......... .......... .......... 56% 90.0M 4s
139850K .......... .......... .......... .......... .......... 56% 64.8M 4s
139900K .......... .......... .......... .......... .......... 56% 41.5M 4s
139950K .......... .......... .......... .......... .......... 56% 67.7M 4s
140000K .......... .......... .......... .......... .......... 56% 55.0M 4s
140050K .......... .......... .......... .......... .......... 56% 97.2M 4s
140100K .......... .......... .......... .......... .......... 56% 58.1M 4s
140150K .......... .......... .......... .......... .......... 56% 31.0M 4s
140200K .......... .......... .......... .......... .......... 56% 42.3M 4s
140250K .......... .......... .......... .......... .......... 56% 76.7M 4s
140300K .......... .......... .......... .......... .......... 56% 87.5M 4s
140350K .......... .......... .......... .......... .......... 56% 68.5M 4s
140400K .......... .......... .......... .......... .......... 56% 38.9M 4s
140450K .......... .......... .......... .......... .......... 56% 47.6M 4s
140500K .......... .......... .......... .......... .......... 56% 87.5M 4s
140550K .......... .......... .......... .......... .......... 56% 36.5M 4s
140600K .......... .......... .......... .......... .......... 56% 64.9M 4s
140650K .......... .......... .......... .......... .......... 56% 88.3M 4s
140700K .......... .......... .......... .......... .......... 56% 63.7M 4s
140750K .......... .......... .......... .......... .......... 56% 39.7M 4s
140800K .......... .......... .......... .......... .......... 56% 89.3M 4s
140850K .......... .......... .......... .......... .......... 56% 18.0M 4s
140900K .......... .......... .......... .......... .......... 57% 38.6M 4s
140950K .......... .......... .......... .......... .......... 57% 49.7M 4s
141000K .......... .......... .......... .......... .......... 57% 36.3M 4s
141050K .......... .......... .......... .......... .......... 57%  106M 4s
141100K .......... .......... .......... .......... .......... 57%  122M 4s
141150K .......... .......... .......... .......... .......... 57% 21.7M 4s
141200K .......... .......... .......... .......... .......... 57% 31.6M 4s
141250K .......... .......... .......... .......... .......... 57% 41.8M 4s
141300K .......... .......... .......... .......... .......... 57% 49.0M 4s
141350K .......... .......... .......... .......... .......... 57% 51.8M 4s
141400K .......... .......... .......... .......... .......... 57% 34.0M 4s
141450K .......... .......... .......... .......... .......... 57% 23.3M 4s
141500K .......... .......... .......... .......... .......... 57% 25.9M 4s
141550K .......... .......... .......... .......... .......... 57% 26.4M 4s
141600K .......... .......... .......... .......... .......... 57% 22.4M 4s
141650K .......... .......... .......... .......... .......... 57% 65.7M 4s
141700K .......... .......... .......... .......... .......... 57% 55.1M 4s
141750K .......... .......... .......... .......... .......... 57%  111M 4s
141800K .......... .......... .......... .......... .......... 57% 81.8M 4s
141850K .......... .......... .......... .......... .......... 57% 59.1M 4s
141900K .......... .......... .......... .......... .......... 57% 26.1M 4s
141950K .......... .......... .......... .......... .......... 57% 75.2M 4s
142000K .......... .......... .......... .......... .......... 57% 26.1M 4s
142050K .......... .......... .......... .......... .......... 57% 22.3M 4s
142100K .......... .......... .......... .......... .......... 57% 81.2M 4s
142150K .......... .......... .......... .......... .......... 57% 77.6M 4s
142200K .......... .......... .......... .......... .......... 57% 77.7M 4s
142250K .......... .......... .......... .......... .......... 57% 48.7M 4s
142300K .......... .......... .......... .......... .......... 57% 94.0M 4s
142350K .......... .......... .......... .......... .......... 57% 90.4M 4s
142400K .......... .......... .......... .......... .......... 57% 85.9M 4s
142450K .......... .......... .......... .......... .......... 57% 75.0M 4s
142500K .......... .......... .......... .......... .......... 57% 26.8M 4s
142550K .......... .......... .......... .......... .......... 57% 13.3M 4s
142600K .......... .......... .......... .......... .......... 57% 71.5M 4s
142650K .......... .......... .......... .......... .......... 57% 73.7M 4s
142700K .......... .......... .......... .......... .......... 57% 69.6M 4s
142750K .......... .......... .......... .......... .......... 57% 80.7M 4s
142800K .......... .......... .......... .......... .......... 57% 76.0M 4s
142850K .......... .......... .......... .......... .......... 57% 89.6M 4s
142900K .......... .......... .......... .......... .......... 57% 69.1M 4s
142950K .......... .......... .......... .......... .......... 57% 92.4M 4s
143000K .......... .......... .......... .......... .......... 57%  104M 4s
143050K .......... .......... .......... .......... .......... 57% 66.6M 4s
143100K .......... .......... .......... .......... .......... 57% 93.5M 4s
143150K .......... .......... .......... .......... .......... 57% 86.8M 4s
143200K .......... .......... .......... .......... .......... 57%  570K 4s
143250K .......... .......... .......... .......... .......... 57% 52.3M 4s
143300K .......... .......... .......... .......... .......... 57% 26.0M 4s
143350K .......... .......... .......... .......... .......... 58% 65.7M 4s
143400K .......... .......... .......... .......... .......... 58% 78.6M 4s
143450K .......... .......... .......... .......... .......... 58% 83.0M 4s
143500K .......... .......... .......... .......... .......... 58% 39.6M 4s
143550K .......... .......... .......... .......... .......... 58% 48.5M 4s
143600K .......... .......... .......... .......... .......... 58%  102M 4s
143650K .......... .......... .......... .......... .......... 58% 82.8M 4s
143700K .......... .......... .......... .......... .......... 58% 74.7M 4s
143750K .......... .......... .......... .......... .......... 58% 54.3M 4s
143800K .......... .......... .......... .......... .......... 58% 56.7M 4s
143850K .......... .......... .......... .......... .......... 58% 51.0M 4s
143900K .......... .......... .......... .......... .......... 58% 22.8M 4s
143950K .......... .......... .......... .......... .......... 58% 94.1M 4s
144000K .......... .......... .......... .......... .......... 58%  122M 4s
144050K .......... .......... .......... .......... .......... 58%  105M 4s
144100K .......... .......... .......... .......... .......... 58% 75.7M 4s
144150K .......... .......... .......... .......... .......... 58% 83.4M 4s
144200K .......... .......... .......... .......... .......... 58% 19.8M 4s
144250K .......... .......... .......... .......... .......... 58% 76.5M 4s
144300K .......... .......... .......... .......... .......... 58% 69.4M 4s
144350K .......... .......... .......... .......... .......... 58% 62.8M 4s
144400K .......... .......... .......... .......... .......... 58%  113M 4s
144450K .......... .......... .......... .......... .......... 58% 49.6M 4s
144500K .......... .......... .......... .......... .......... 58% 68.6M 4s
144550K .......... .......... .......... .......... .......... 58% 55.3M 4s
144600K .......... .......... .......... .......... .......... 58% 63.2M 4s
144650K .......... .......... .......... .......... .......... 58% 68.1M 4s
144700K .......... .......... .......... .......... .......... 58% 76.9M 4s
144750K .......... .......... .......... .......... .......... 58% 28.7M 4s
144800K .......... .......... .......... .......... .......... 58%  113M 4s
144850K .......... .......... .......... .......... .......... 58% 17.8M 4s
144900K .......... .......... .......... .......... .......... 58% 60.1M 4s
144950K .......... .......... .......... .......... .......... 58% 39.2M 4s
145000K .......... .......... .......... .......... .......... 58% 55.6M 4s
145050K .......... .......... .......... .......... .......... 58% 57.6M 4s
145100K .......... .......... .......... .......... .......... 58% 48.0M 4s
145150K .......... .......... .......... .......... .......... 58% 32.1M 4s
145200K .......... .......... .......... .......... .......... 58% 37.0M 4s
145250K .......... .......... .......... .......... .......... 58% 43.1M 4s
145300K .......... .......... .......... .......... .......... 58% 34.8M 4s
145350K .......... .......... .......... .......... .......... 58% 55.1M 4s
145400K .......... .......... .......... .......... .......... 58% 31.4M 4s
145450K .......... .......... .......... .......... .......... 58% 33.1M 4s
145500K .......... .......... .......... .......... .......... 58% 23.6M 4s
145550K .......... .......... .......... .......... .......... 58% 22.5M 4s
145600K .......... .......... .......... .......... .......... 58% 17.1M 4s
145650K .......... .......... .......... .......... .......... 58% 77.0M 4s
145700K .......... .......... .......... .......... .......... 58% 70.0M 4s
145750K .......... .......... .......... .......... .......... 58% 80.7M 4s
145800K .......... .......... .......... .......... .......... 58% 77.0M 4s
145850K .......... .......... .......... .......... .......... 59% 59.3M 4s
145900K .......... .......... .......... .......... .......... 59% 66.6M 4s
145950K .......... .......... .......... .......... .......... 59% 36.6M 4s
146000K .......... .......... .......... .......... .......... 59% 36.4M 4s
146050K .......... .......... .......... .......... .......... 59% 35.7M 4s
146100K .......... .......... .......... .......... .......... 59% 25.1M 4s
146150K .......... .......... .......... .......... .......... 59% 75.7M 4s
146200K .......... .......... .......... .......... .......... 59% 73.8M 4s
146250K .......... .......... .......... .......... .......... 59% 71.4M 4s
146300K .......... .......... .......... .......... .......... 59% 68.1M 4s
146350K .......... .......... .......... .......... .......... 59% 74.5M 4s
146400K .......... .......... .......... .......... .......... 59% 65.3M 4s
146450K .......... .......... .......... .......... .......... 59% 78.1M 4s
146500K .......... .......... .......... .......... .......... 59% 31.6M 4s
146550K .......... .......... .......... .......... .......... 59% 14.0M 4s
146600K .......... .......... .......... .......... .......... 59% 76.9M 4s
146650K .......... .......... .......... .......... .......... 59% 82.0M 4s
146700K .......... .......... .......... .......... .......... 59% 95.8M 4s
146750K .......... .......... .......... .......... .......... 59% 72.3M 4s
146800K .......... .......... .......... .......... .......... 59% 88.9M 4s
146850K .......... .......... .......... .......... .......... 59% 71.5M 4s
146900K .......... .......... .......... .......... .......... 59% 92.5M 4s
146950K .......... .......... .......... .......... .......... 59% 72.4M 4s
147000K .......... .......... .......... .......... .......... 59% 97.0M 4s
147050K .......... .......... .......... .......... .......... 59% 69.6M 4s
147100K .......... .......... .......... .......... .......... 59%  561K 4s
147150K .......... .......... .......... .......... .......... 59% 76.6M 4s
147200K .......... .......... .......... .......... .......... 59% 74.4M 4s
147250K .......... .......... .......... .......... .......... 59% 81.3M 4s
147300K .......... .......... .......... .......... .......... 59% 99.0M 4s
147350K .......... .......... .......... .......... .......... 59% 74.1M 4s
147400K .......... .......... .......... .......... .......... 59% 79.6M 4s
147450K .......... .......... .......... .......... .......... 59% 24.7M 4s
147500K .......... .......... .......... .......... .......... 59% 85.8M 4s
147550K .......... .......... .......... .......... .......... 59% 80.5M 4s
147600K .......... .......... .......... .......... .......... 59% 38.8M 4s
147650K .......... .......... .......... .......... .......... 59% 62.0M 4s
147700K .......... .......... .......... .......... .......... 59% 62.5M 4s
147750K .......... .......... .......... .......... .......... 59% 82.9M 4s
147800K .......... .......... .......... .......... .......... 59% 90.9M 4s
147850K .......... .......... .......... .......... .......... 59% 44.0M 4s
147900K .......... .......... .......... .......... .......... 59% 79.8M 4s
147950K .......... .......... .......... .......... .......... 59% 80.7M 4s
148000K .......... .......... .......... .......... .......... 59% 68.2M 4s
148050K .......... .......... .......... .......... .......... 59% 42.8M 4s
148100K .......... .......... .......... .......... .......... 59% 54.5M 4s
148150K .......... .......... .......... .......... .......... 59% 48.7M 4s
148200K .......... .......... .......... .......... .......... 59% 27.0M 4s
148250K .......... .......... .......... .......... .......... 59% 83.1M 4s
148300K .......... .......... .......... .......... .......... 60% 42.9M 4s
148350K .......... .......... .......... .......... .......... 60%  102M 4s
148400K .......... .......... .......... .......... .......... 60% 61.9M 4s
148450K .......... .......... .......... .......... .......... 60% 75.4M 4s
148500K .......... .......... .......... .......... .......... 60% 45.3M 4s
148550K .......... .......... .......... .......... .......... 60% 33.6M 4s
148600K .......... .......... .......... .......... .......... 60% 92.2M 4s
148650K .......... .......... .......... .......... .......... 60% 79.0M 4s
148700K .......... .......... .......... .......... .......... 60% 83.4M 4s
148750K .......... .......... .......... .......... .......... 60% 44.7M 4s
148800K .......... .......... .......... .......... .......... 60% 66.4M 4s
148850K .......... .......... .......... .......... .......... 60% 22.8M 4s
148900K .......... .......... .......... .......... .......... 60% 41.2M 4s
148950K .......... .......... .......... .......... .......... 60% 36.4M 4s
149000K .......... .......... .......... .......... .......... 60% 39.3M 4s
149050K .......... .......... .......... .......... .......... 60% 73.9M 4s
149100K .......... .......... .......... .......... .......... 60% 41.0M 4s
149150K .......... .......... .......... .......... .......... 60% 39.5M 4s
149200K .......... .......... .......... .......... .......... 60% 54.8M 4s
149250K .......... .......... .......... .......... .......... 60% 78.0M 4s
149300K .......... .......... .......... .......... .......... 60% 28.0M 4s
149350K .......... .......... .......... .......... .......... 60% 17.8M 4s
149400K .......... .......... .......... .......... .......... 60% 87.7M 4s
149450K .......... .......... .......... .......... .......... 60% 39.2M 4s
149500K .......... .......... .......... .......... .......... 60% 19.2M 4s
149550K .......... .......... .......... .......... .......... 60%  104M 4s
149600K .......... .......... .......... .......... .......... 60% 20.6M 4s
149650K .......... .......... .......... .......... .......... 60% 19.6M 4s
149700K .......... .......... .......... .......... .......... 60% 67.2M 4s
149750K .......... .......... .......... .......... .......... 60% 78.4M 4s
149800K .......... .......... .......... .......... .......... 60% 93.7M 4s
149850K .......... .......... .......... .......... .......... 60% 92.7M 4s
149900K .......... .......... .......... .......... .......... 60% 27.0M 4s
149950K .......... .......... .......... .......... .......... 60% 63.4M 4s
150000K .......... .......... .......... .......... .......... 60% 77.1M 4s
150050K .......... .......... .......... .......... .......... 60% 30.6M 4s
150100K .......... .......... .......... .......... .......... 60% 28.9M 4s
150150K .......... .......... .......... .......... .......... 60% 29.8M 4s
150200K .......... .......... .......... .......... .......... 60% 79.1M 4s
150250K .......... .......... .......... .......... .......... 60% 76.7M 4s
150300K .......... .......... .......... .......... .......... 60% 82.4M 4s
150350K .......... .......... .......... .......... .......... 60% 87.9M 4s
150400K .......... .......... .......... .......... .......... 60% 70.8M 4s
150450K .......... .......... .......... .......... .......... 60% 74.4M 4s
150500K .......... .......... .......... .......... .......... 60% 41.7M 4s
150550K .......... .......... .......... .......... .......... 60% 7.13M 4s
150600K .......... .......... .......... .......... .......... 60%  106M 4s
150650K .......... .......... .......... .......... .......... 60% 99.9M 4s
150700K .......... .......... .......... .......... .......... 60% 75.6M 4s
150750K .......... .......... .......... .......... .......... 60% 88.1M 4s
150800K .......... .......... .......... .......... .......... 61%  121M 4s
150850K .......... .......... .......... .......... .......... 61%  104M 4s
150900K .......... .......... .......... .......... .......... 61%  112M 4s
150950K .......... .......... .......... .......... .......... 61%  102M 4s
151000K .......... .......... .......... .......... .......... 61%  117M 4s
151050K .......... .......... .......... .......... .......... 61%  568K 4s
151100K .......... .......... .......... .......... .......... 61% 88.7M 4s
151150K .......... .......... .......... .......... .......... 61% 61.9M 4s
151200K .......... .......... .......... .......... .......... 61% 63.1M 4s
151250K .......... .......... .......... .......... .......... 61% 61.3M 4s
151300K .......... .......... .......... .......... .......... 61% 77.8M 4s
151350K .......... .......... .......... .......... .......... 61% 82.3M 4s
151400K .......... .......... .......... .......... .......... 61% 70.3M 4s
151450K .......... .......... .......... .......... .......... 61% 98.3M 4s
151500K .......... .......... .......... .......... .......... 61% 76.2M 4s
151550K .......... .......... .......... .......... .......... 61% 36.5M 4s
151600K .......... .......... .......... .......... .......... 61% 94.9M 4s
151650K .......... .......... .......... .......... .......... 61% 63.3M 4s
151700K .......... .......... .......... .......... .......... 61% 75.1M 4s
151750K .......... .......... .......... .......... .......... 61% 69.3M 4s
151800K .......... .......... .......... .......... .......... 61% 48.4M 4s
151850K .......... .......... .......... .......... .......... 61% 65.2M 4s
151900K .......... .......... .......... .......... .......... 61% 72.9M 4s
151950K .......... .......... .......... .......... .......... 61% 81.7M 4s
152000K .......... .......... .......... .......... .......... 61% 63.1M 4s
152050K .......... .......... .......... .......... .......... 61% 63.6M 4s
152100K .......... .......... .......... .......... .......... 61% 36.4M 4s
152150K .......... .......... .......... .......... .......... 61% 48.1M 4s
152200K .......... .......... .......... .......... .......... 61% 59.8M 4s
152250K .......... .......... .......... .......... .......... 61% 25.3M 4s
152300K .......... .......... .......... .......... .......... 61% 60.2M 4s
152350K .......... .......... .......... .......... .......... 61% 70.0M 4s
152400K .......... .......... .......... .......... .......... 61% 72.6M 4s
152450K .......... .......... .......... .......... .......... 61% 74.6M 4s
152500K .......... .......... .......... .......... .......... 61% 73.1M 4s
152550K .......... .......... .......... .......... .......... 61% 50.7M 4s
152600K .......... .......... .......... .......... .......... 61% 74.1M 4s
152650K .......... .......... .......... .......... .......... 61% 62.9M 4s
152700K .......... .......... .......... .......... .......... 61% 68.9M 4s
152750K .......... .......... .......... .......... .......... 61% 45.6M 4s
152800K .......... .......... .......... .......... .......... 61% 95.4M 4s
152850K .......... .......... .......... .......... .......... 61% 23.6M 4s
152900K .......... .......... .......... .......... .......... 61% 41.3M 4s
152950K .......... .......... .......... .......... .......... 61% 48.2M 4s
153000K .......... .......... .......... .......... .......... 61% 23.5M 4s
153050K .......... .......... .......... .......... .......... 61% 49.2M 4s
153100K .......... .......... .......... .......... .......... 61% 79.0M 4s
153150K .......... .......... .......... .......... .......... 61% 38.8M 4s
153200K .......... .......... .......... .......... .......... 61% 71.6M 4s
153250K .......... .......... .......... .......... .......... 62% 76.6M 4s
153300K .......... .......... .......... .......... .......... 62% 20.6M 4s
153350K .......... .......... .......... .......... .......... 62% 77.7M 4s
153400K .......... .......... .......... .......... .......... 62% 24.7M 4s
153450K .......... .......... .......... .......... .......... 62% 33.1M 4s
153500K .......... .......... .......... .......... .......... 62% 36.4M 4s
153550K .......... .......... .......... .......... .......... 62% 14.7M 4s
153600K .......... .......... .......... .......... .......... 62% 77.9M 4s
153650K .......... .......... .......... .......... .......... 62% 22.5M 4s
153700K .......... .......... .......... .......... .......... 62% 89.2M 4s
153750K .......... .......... .......... .......... .......... 62% 75.3M 4s
153800K .......... .......... .......... .......... .......... 62% 42.9M 4s
153850K .......... .......... .......... .......... .......... 62% 81.0M 4s
153900K .......... .......... .......... .......... .......... 62% 53.2M 4s
153950K .......... .......... .......... .......... .......... 62% 41.3M 4s
154000K .......... .......... .......... .......... .......... 62% 63.2M 4s
154050K .......... .......... .......... .......... .......... 62% 33.6M 4s
154100K .......... .......... .......... .......... .......... 62% 16.4M 4s
154150K .......... .......... .......... .......... .......... 62% 93.8M 4s
154200K .......... .......... .......... .......... .......... 62% 65.4M 4s
154250K .......... .......... .......... .......... .......... 62% 76.2M 4s
154300K .......... .......... .......... .......... .......... 62% 74.2M 4s
154350K .......... .......... .......... .......... .......... 62% 57.1M 4s
154400K .......... .......... .......... .......... .......... 62% 97.9M 4s
154450K .......... .......... .......... .......... .......... 62% 84.4M 4s
154500K .......... .......... .......... .......... .......... 62% 59.9M 4s
154550K .......... .......... .......... .......... .......... 62% 12.1M 4s
154600K .......... .......... .......... .......... .......... 62% 70.4M 4s
154650K .......... .......... .......... .......... .......... 62% 95.9M 4s
154700K .......... .......... .......... .......... .......... 62% 88.0M 4s
154750K .......... .......... .......... .......... .......... 62% 73.9M 4s
154800K .......... .......... .......... .......... .......... 62% 60.7M 4s
154850K .......... .......... .......... .......... .......... 62% 78.7M 4s
154900K .......... .......... .......... .......... .......... 62% 72.5M 4s
154950K .......... .......... .......... .......... .......... 62% 93.4M 4s
155000K .......... .......... .......... .......... .......... 62%  107M 4s
155050K .......... .......... .......... .......... .......... 62%  552K 4s
155100K .......... .......... .......... .......... .......... 62% 95.5M 4s
155150K .......... .......... .......... .......... .......... 62% 87.7M 4s
155200K .......... .......... .......... .......... .......... 62% 59.3M 4s
155250K .......... .......... .......... .......... .......... 62% 82.5M 4s
155300K .......... .......... .......... .......... .......... 62% 93.2M 4s
155350K .......... .......... .......... .......... .......... 62% 68.4M 4s
155400K .......... .......... .......... .......... .......... 62% 87.0M 4s
155450K .......... .......... .......... .......... .......... 62% 73.3M 4s
155500K .......... .......... .......... .......... .......... 62% 47.3M 4s
155550K .......... .......... .......... .......... .......... 62% 76.6M 4s
155600K .......... .......... .......... .......... .......... 62% 42.3M 4s
155650K .......... .......... .......... .......... .......... 62% 77.3M 4s
155700K .......... .......... .......... .......... .......... 62% 87.2M 4s
155750K .......... .......... .......... .......... .......... 63% 76.8M 4s
155800K .......... .......... .......... .......... .......... 63% 53.9M 4s
155850K .......... .......... .......... .......... .......... 63% 79.7M 4s
155900K .......... .......... .......... .......... .......... 63% 78.0M 4s
155950K .......... .......... .......... .......... .......... 63% 89.0M 4s
156000K .......... .......... .......... .......... .......... 63% 48.6M 4s
156050K .......... .......... .......... .......... .......... 63% 37.0M 4s
156100K .......... .......... .......... .......... .......... 63% 88.4M 4s
156150K .......... .......... .......... .......... .......... 63% 40.6M 4s
156200K .......... .......... .......... .......... .......... 63% 92.2M 4s
156250K .......... .......... .......... .......... .......... 63% 67.2M 4s
156300K .......... .......... .......... .......... .......... 63% 20.1M 4s
156350K .......... .......... .......... .......... .......... 63% 90.6M 4s
156400K .......... .......... .......... .......... .......... 63%  100M 4s
156450K .......... .......... .......... .......... .......... 63% 99.2M 4s
156500K .......... .......... .......... .......... .......... 63% 88.8M 4s
156550K .......... .......... .......... .......... .......... 63% 26.8M 4s
156600K .......... .......... .......... .......... .......... 63% 68.4M 4s
156650K .......... .......... .......... .......... .......... 63% 62.0M 4s
156700K .......... .......... .......... .......... .......... 63% 85.3M 4s
156750K .......... .......... .......... .......... .......... 63% 56.8M 4s
156800K .......... .......... .......... .......... .......... 63% 21.8M 4s
156850K .......... .......... .......... .......... .......... 63%  100M 4s
156900K .......... .......... .......... .......... .......... 63% 34.6M 4s
156950K .......... .......... .......... .......... .......... 63% 74.7M 4s
157000K .......... .......... .......... .......... .......... 63% 28.2M 4s
157050K .......... .......... .......... .......... .......... 63% 26.0M 4s
157100K .......... .......... .......... .......... .......... 63% 73.2M 4s
157150K .......... .......... .......... .......... .......... 63% 75.5M 4s
157200K .......... .......... .......... .......... .......... 63% 76.4M 4s
157250K .......... .......... .......... .......... .......... 63% 68.4M 4s
157300K .......... .......... .......... .......... .......... 63% 46.1M 4s
157350K .......... .......... .......... .......... .......... 63% 18.3M 4s
157400K .......... .......... .......... .......... .......... 63% 41.5M 4s
157450K .......... .......... .......... .......... .......... 63% 27.3M 4s
157500K .......... .......... .......... .......... .......... 63% 37.1M 4s
157550K .......... .......... .......... .......... .......... 63% 33.2M 4s
157600K .......... .......... .......... .......... .......... 63% 27.9M 4s
157650K .......... .......... .......... .......... .......... 63% 23.8M 4s
157700K .......... .......... .......... .......... .......... 63% 37.3M 4s
157750K .......... .......... .......... .......... .......... 63% 37.3M 4s
157800K .......... .......... .......... .......... .......... 63% 74.7M 4s
157850K .......... .......... .......... .......... .......... 63% 40.5M 4s
157900K .......... .......... .......... .......... .......... 63% 77.6M 4s
157950K .......... .......... .......... .......... .......... 63% 59.0M 4s
158000K .......... .......... .......... .......... .......... 63% 44.0M 4s
158050K .......... .......... .......... .......... .......... 63% 85.3M 4s
158100K .......... .......... .......... .......... .......... 63% 47.1M 4s
158150K .......... .......... .......... .......... .......... 63% 16.3M 4s
158200K .......... .......... .......... .......... .......... 64% 72.0M 4s
158250K .......... .......... .......... .......... .......... 64% 75.0M 4s
158300K .......... .......... .......... .......... .......... 64% 71.7M 4s
158350K .......... .......... .......... .......... .......... 64% 49.6M 4s
158400K .......... .......... .......... .......... .......... 64% 69.7M 4s
158450K .......... .......... .......... .......... .......... 64% 74.9M 4s
158500K .......... .......... .......... .......... .......... 64%  100M 4s
158550K .......... .......... .......... .......... .......... 64% 12.8M 4s
158600K .......... .......... .......... .......... .......... 64% 79.0M 4s
158650K .......... .......... .......... .......... .......... 64%  112M 4s
158700K .......... .......... .......... .......... .......... 64% 75.1M 4s
158750K .......... .......... .......... .......... .......... 64% 82.6M 4s
158800K .......... .......... .......... .......... .......... 64% 90.7M 4s
158850K .......... .......... .......... .......... .......... 64% 32.0M 4s
158900K .......... .......... .......... .......... .......... 64% 98.9M 4s
158950K .......... .......... .......... .......... .......... 64% 91.0M 4s
159000K .......... .......... .......... .......... .......... 64% 99.4M 4s
159050K .......... .......... .......... .......... .......... 64%  563K 4s
159100K .......... .......... .......... .......... .......... 64% 39.9M 4s
159150K .......... .......... .......... .......... .......... 64% 48.5M 4s
159200K .......... .......... .......... .......... .......... 64% 89.3M 4s
159250K .......... .......... .......... .......... .......... 64% 93.8M 4s
159300K .......... .......... .......... .......... .......... 64% 77.1M 4s
159350K .......... .......... .......... .......... .......... 64% 74.8M 4s
159400K .......... .......... .......... .......... .......... 64% 83.0M 4s
159450K .......... .......... .......... .......... .......... 64%  104M 4s
159500K .......... .......... .......... .......... .......... 64% 78.6M 4s
159550K .......... .......... .......... .......... .......... 64% 28.6M 4s
159600K .......... .......... .......... .......... .......... 64% 76.1M 4s
159650K .......... .......... .......... .......... .......... 64% 57.3M 4s
159700K .......... .......... .......... .......... .......... 64% 44.6M 4s
159750K .......... .......... .......... .......... .......... 64% 56.8M 4s
159800K .......... .......... .......... .......... .......... 64% 97.5M 4s
159850K .......... .......... .......... .......... .......... 64%  105M 4s
159900K .......... .......... .......... .......... .......... 64% 72.6M 4s
159950K .......... .......... .......... .......... .......... 64% 37.7M 4s
160000K .......... .......... .......... .......... .......... 64% 74.2M 4s
160050K .......... .......... .......... .......... .......... 64% 63.2M 4s
160100K .......... .......... .......... .......... .......... 64% 78.5M 4s
160150K .......... .......... .......... .......... .......... 64% 40.3M 4s
160200K .......... .......... .......... .......... .......... 64%  104M 4s
160250K .......... .......... .......... .......... .......... 64% 40.6M 4s
160300K .......... .......... .......... .......... .......... 64% 55.5M 4s
160350K .......... .......... .......... .......... .......... 64% 31.1M 4s
160400K .......... .......... .......... .......... .......... 64% 83.5M 4s
160450K .......... .......... .......... .......... .......... 64% 66.6M 4s
160500K .......... .......... .......... .......... .......... 64% 29.6M 4s
160550K .......... .......... .......... .......... .......... 64% 71.6M 4s
160600K .......... .......... .......... .......... .......... 64% 72.0M 4s
160650K .......... .......... .......... .......... .......... 64% 87.9M 4s
160700K .......... .......... .......... .......... .......... 65% 58.9M 4s
160750K .......... .......... .......... .......... .......... 65% 94.5M 4s
160800K .......... .......... .......... .......... .......... 65% 22.4M 4s
160850K .......... .......... .......... .......... .......... 65% 83.6M 4s
160900K .......... .......... .......... .......... .......... 65% 88.0M 4s
160950K .......... .......... .......... .......... .......... 65% 32.0M 4s
161000K .......... .......... .......... .......... .......... 65% 18.7M 4s
161050K .......... .......... .......... .......... .......... 65% 87.0M 4s
161100K .......... .......... .......... .......... .......... 65% 42.0M 4s
161150K .......... .......... .......... .......... .......... 65%  110M 4s
161200K .......... .......... .......... .......... .......... 65% 45.8M 4s
161250K .......... .......... .......... .......... .......... 65% 39.0M 4s
161300K .......... .......... .......... .......... .......... 65%  106M 4s
161350K .......... .......... .......... .......... .......... 65% 30.4M 4s
161400K .......... .......... .......... .......... .......... 65% 33.8M 4s
161450K .......... .......... .......... .......... .......... 65% 35.9M 4s
161500K .......... .......... .......... .......... .......... 65% 22.5M 4s
161550K .......... .......... .......... .......... .......... 65% 43.0M 4s
161600K .......... .......... .......... .......... .......... 65% 42.2M 4s
161650K .......... .......... .......... .......... .......... 65% 24.6M 4s
161700K .......... .......... .......... .......... .......... 65% 17.8M 4s
161750K .......... .......... .......... .......... .......... 65% 54.2M 4s
161800K .......... .......... .......... .......... .......... 65% 81.7M 4s
161850K .......... .......... .......... .......... .......... 65% 83.0M 4s
161900K .......... .......... .......... .......... .......... 65% 37.7M 4s
161950K .......... .......... .......... .......... .......... 65% 67.8M 4s
162000K .......... .......... .......... .......... .......... 65% 68.3M 4s
162050K .......... .......... .......... .......... .......... 65% 73.8M 4s
162100K .......... .......... .......... .......... .......... 65% 81.8M 4s
162150K .......... .......... .......... .......... .......... 65% 19.2M 4s
162200K .......... .......... .......... .......... .......... 65% 28.0M 4s
162250K .......... .......... .......... .......... .......... 65% 62.2M 4s
162300K .......... .......... .......... .......... .......... 65% 68.5M 4s
162350K .......... .......... .......... .......... .......... 65% 68.7M 4s
162400K .......... .......... .......... .......... .......... 65% 42.4M 4s
162450K .......... .......... .......... .......... .......... 65% 83.3M 4s
162500K .......... .......... .......... .......... .......... 65% 14.5M 4s
162550K .......... .......... .......... .......... .......... 65% 79.5M 4s
162600K .......... .......... .......... .......... .......... 65% 71.3M 4s
162650K .......... .......... .......... .......... .......... 65% 35.7M 4s
162700K .......... .......... .......... .......... .......... 65% 71.7M 4s
162750K .......... .......... .......... .......... .......... 65% 65.5M 4s
162800K .......... .......... .......... .......... .......... 65% 91.5M 4s
162850K .......... .......... .......... .......... .......... 65% 67.0M 4s
162900K .......... .......... .......... .......... .......... 65% 70.4M 3s
162950K .......... .......... .......... .......... .......... 65% 85.3M 3s
163000K .......... .......... .......... .......... .......... 65%  563K 4s
163050K .......... .......... .......... .......... .......... 65% 24.5M 4s
163100K .......... .......... .......... .......... .......... 65% 94.8M 4s
163150K .......... .......... .......... .......... .......... 66%  114M 4s
163200K .......... .......... .......... .......... .......... 66% 84.8M 4s
163250K .......... .......... .......... .......... .......... 66% 94.7M 4s
163300K .......... .......... .......... .......... .......... 66%  109M 4s
163350K .......... .......... .......... .......... .......... 66% 83.6M 4s
163400K .......... .......... .......... .......... .......... 66% 88.8M 4s
163450K .......... .......... .......... .......... .......... 66% 91.0M 4s
163500K .......... .......... .......... .......... .......... 66% 32.7M 4s
163550K .......... .......... .......... .......... .......... 66% 89.8M 4s
163600K .......... .......... .......... .......... .......... 66% 78.6M 4s
163650K .......... .......... .......... .......... .......... 66% 56.1M 4s
163700K .......... .......... .......... .......... .......... 66% 41.5M 3s
163750K .......... .......... .......... .......... .......... 66% 71.3M 3s
163800K .......... .......... .......... .......... .......... 66% 76.4M 3s
163850K .......... .......... .......... .......... .......... 66% 67.1M 3s
163900K .......... .......... .......... .......... .......... 66% 75.7M 3s
163950K .......... .......... .......... .......... .......... 66% 66.2M 3s
164000K .......... .......... .......... .......... .......... 66% 79.8M 3s
164050K .......... .......... .......... .......... .......... 66% 32.5M 3s
164100K .......... .......... .......... .......... .......... 66% 76.2M 3s
164150K .......... .......... .......... .......... .......... 66% 88.6M 3s
164200K .......... .......... .......... .......... .......... 66% 44.6M 3s
164250K .......... .......... .......... .......... .......... 66% 95.9M 3s
164300K .......... .......... .......... .......... .......... 66% 36.5M 3s
164350K .......... .......... .......... .......... .......... 66% 26.4M 3s
164400K .......... .......... .......... .......... .......... 66%  106M 3s
164450K .......... .......... .......... .......... .......... 66%  102M 3s
164500K .......... .......... .......... .......... .......... 66% 27.3M 3s
164550K .......... .......... .......... .......... .......... 66% 69.6M 3s
164600K .......... .......... .......... .......... .......... 66% 95.3M 3s
164650K .......... .......... .......... .......... .......... 66% 86.4M 3s
164700K .......... .......... .......... .......... .......... 66% 89.0M 3s
164750K .......... .......... .......... .......... .......... 66% 75.6M 3s
164800K .......... .......... .......... .......... .......... 66% 12.0M 3s
164850K .......... .......... .......... .......... .......... 66%  108M 3s
164900K .......... .......... .......... .......... .......... 66% 92.5M 3s
164950K .......... .......... .......... .......... .......... 66% 88.7M 3s
165000K .......... .......... .......... .......... .......... 66% 28.2M 3s
165050K .......... .......... .......... .......... .......... 66% 84.0M 3s
165100K .......... .......... .......... .......... .......... 66% 29.7M 3s
165150K .......... .......... .......... .......... .......... 66% 60.7M 3s
165200K .......... .......... .......... .......... .......... 66% 61.5M 3s
165250K .......... .......... .......... .......... .......... 66% 68.3M 3s
165300K .......... .......... .......... .......... .......... 66% 78.7M 3s
165350K .......... .......... .......... .......... .......... 66% 78.1M 3s
165400K .......... .......... .......... .......... .......... 66% 26.7M 3s
165450K .......... .......... .......... .......... .......... 66% 19.6M 3s
165500K .......... .......... .......... .......... .......... 66% 38.1M 3s
165550K .......... .......... .......... .......... .......... 66% 29.1M 3s
165600K .......... .......... .......... .......... .......... 67% 59.7M 3s
165650K .......... .......... .......... .......... .......... 67% 43.1M 3s
165700K .......... .......... .......... .......... .......... 67% 23.4M 3s
165750K .......... .......... .......... .......... .......... 67% 20.8M 3s
165800K .......... .......... .......... .......... .......... 67% 47.5M 3s
165850K .......... .......... .......... .......... .......... 67% 42.8M 3s
165900K .......... .......... .......... .......... .......... 67% 92.4M 3s
165950K .......... .......... .......... .......... .......... 67% 86.5M 3s
166000K .......... .......... .......... .......... .......... 67% 65.4M 3s
166050K .......... .......... .......... .......... .......... 67% 39.4M 3s
166100K .......... .......... .......... .......... .......... 67% 40.6M 3s
166150K .......... .......... .......... .......... .......... 67% 82.1M 3s
166200K .......... .......... .......... .......... .......... 67% 19.1M 3s
166250K .......... .......... .......... .......... .......... 67% 39.5M 3s
166300K .......... .......... .......... .......... .......... 67% 60.0M 3s
166350K .......... .......... .......... .......... .......... 67% 57.3M 3s
166400K .......... .......... .......... .......... .......... 67% 90.7M 3s
166450K .......... .......... .......... .......... .......... 67% 70.9M 3s
166500K .......... .......... .......... .......... .......... 67% 10.5M 3s
166550K .......... .......... .......... .......... .......... 67% 93.1M 3s
166600K .......... .......... .......... .......... .......... 67% 83.3M 3s
166650K .......... .......... .......... .......... .......... 67% 75.1M 3s
166700K .......... .......... .......... .......... .......... 67% 75.7M 3s
166750K .......... .......... .......... .......... .......... 67%  107M 3s
166800K .......... .......... .......... .......... .......... 67% 89.4M 3s
166850K .......... .......... .......... .......... .......... 67% 49.2M 3s
166900K .......... .......... .......... .......... .......... 67% 83.0M 3s
166950K .......... .......... .......... .......... .......... 67%  553K 3s
167000K .......... .......... .......... .......... .......... 67%  128M 3s
167050K .......... .......... .......... .......... .......... 67%  128M 3s
167100K .......... .......... .......... .......... .......... 67% 53.3M 3s
167150K .......... .......... .......... .......... .......... 67% 95.5M 3s
167200K .......... .......... .......... .......... .......... 67%  127M 3s
167250K .......... .......... .......... .......... .......... 67%  124M 3s
167300K .......... .......... .......... .......... .......... 67%  112M 3s
167350K .......... .......... .......... .......... .......... 67% 98.2M 3s
167400K .......... .......... .......... .......... .......... 67%  125M 3s
167450K .......... .......... .......... .......... .......... 67% 74.1M 3s
167500K .......... .......... .......... .......... .......... 67% 45.9M 3s
167550K .......... .......... .......... .......... .......... 67% 41.5M 3s
167600K .......... .......... .......... .......... .......... 67% 53.2M 3s
167650K .......... .......... .......... .......... .......... 67% 68.8M 3s
167700K .......... .......... .......... .......... .......... 67% 82.8M 3s
167750K .......... .......... .......... .......... .......... 67% 68.1M 3s
167800K .......... .......... .......... .......... .......... 67% 87.3M 3s
167850K .......... .......... .......... .......... .......... 67% 46.5M 3s
167900K .......... .......... .......... .......... .......... 67% 41.5M 3s
167950K .......... .......... .......... .......... .......... 67% 80.5M 3s
168000K .......... .......... .......... .......... .......... 67% 77.2M 3s
168050K .......... .......... .......... .......... .......... 67% 85.5M 3s
168100K .......... .......... .......... .......... .......... 68% 53.1M 3s
168150K .......... .......... .......... .......... .......... 68% 37.1M 3s
168200K .......... .......... .......... .......... .......... 68% 83.1M 3s
168250K .......... .......... .......... .......... .......... 68% 81.8M 3s
168300K .......... .......... .......... .......... .......... 68% 42.1M 3s
168350K .......... .......... .......... .......... .......... 68% 44.2M 3s
168400K .......... .......... .......... .......... .......... 68% 90.5M 3s
168450K .......... .......... .......... .......... .......... 68% 69.8M 3s
168500K .......... .......... .......... .......... .......... 68% 30.3M 3s
168550K .......... .......... .......... .......... .......... 68% 36.5M 3s
168600K .......... .......... .......... .......... .......... 68% 53.4M 3s
168650K .......... .......... .......... .......... .......... 68% 71.9M 3s
168700K .......... .......... .......... .......... .......... 68% 84.0M 3s
168750K .......... .......... .......... .......... .......... 68% 95.8M 3s
168800K .......... .......... .......... .......... .......... 68% 35.4M 3s
168850K .......... .......... .......... .......... .......... 68% 32.1M 3s
168900K .......... .......... .......... .......... .......... 68% 33.4M 3s
168950K .......... .......... .......... .......... .......... 68% 99.7M 3s
169000K .......... .......... .......... .......... .......... 68% 94.3M 3s
169050K .......... .......... .......... .......... .......... 68% 18.4M 3s
169100K .......... .......... .......... .......... .......... 68% 40.2M 3s
169150K .......... .......... .......... .......... .......... 68% 73.8M 3s
169200K .......... .......... .......... .......... .......... 68% 94.0M 3s
169250K .......... .......... .......... .......... .......... 68% 91.7M 3s
169300K .......... .......... .......... .......... .......... 68% 80.9M 3s
169350K .......... .......... .......... .......... .......... 68% 84.3M 3s
169400K .......... .......... .......... .......... .......... 68% 19.3M 3s
169450K .......... .......... .......... .......... .......... 68% 38.4M 3s
169500K .......... .......... .......... .......... .......... 68% 74.4M 3s
169550K .......... .......... .......... .......... .......... 68% 19.4M 3s
169600K .......... .......... .......... .......... .......... 68% 36.7M 3s
169650K .......... .......... .......... .......... .......... 68% 37.2M 3s
169700K .......... .......... .......... .......... .......... 68% 27.4M 3s
169750K .......... .......... .......... .......... .......... 68% 22.6M 3s
169800K .......... .......... .......... .......... .......... 68% 30.0M 3s
169850K .......... .......... .......... .......... .......... 68%  103M 3s
169900K .......... .......... .......... .......... .......... 68% 51.6M 3s
169950K .......... .......... .......... .......... .......... 68% 51.4M 3s
170000K .......... .......... .......... .......... .......... 68% 73.3M 3s
170050K .......... .......... .......... .......... .......... 68% 88.3M 3s
170100K .......... .......... .......... .......... .......... 68% 34.1M 3s
170150K .......... .......... .......... .......... .......... 68% 72.7M 3s
170200K .......... .......... .......... .......... .......... 68% 20.9M 3s
170250K .......... .......... .......... .......... .......... 68% 39.2M 3s
170300K .......... .......... .......... .......... .......... 68% 40.5M 3s
170350K .......... .......... .......... .......... .......... 68% 85.7M 3s
170400K .......... .......... .......... .......... .......... 68% 64.9M 3s
170450K .......... .......... .......... .......... .......... 68% 84.4M 3s
170500K .......... .......... .......... .......... .......... 68% 14.8M 3s
170550K .......... .......... .......... .......... .......... 69% 48.8M 3s
170600K .......... .......... .......... .......... .......... 69% 37.3M 3s
170650K .......... .......... .......... .......... .......... 69% 81.0M 3s
170700K .......... .......... .......... .......... .......... 69% 67.8M 3s
170750K .......... .......... .......... .......... .......... 69% 76.9M 3s
170800K .......... .......... .......... .......... .......... 69% 90.0M 3s
170850K .......... .......... .......... .......... .......... 69% 42.6M 3s
170900K .......... .......... .......... .......... .......... 69%  560K 3s
170950K .......... .......... .......... .......... .......... 69% 74.6M 3s
171000K .......... .......... .......... .......... .......... 69% 75.1M 3s
171050K .......... .......... .......... .......... .......... 69% 71.8M 3s
171100K .......... .......... .......... .......... .......... 69% 80.7M 3s
171150K .......... .......... .......... .......... .......... 69% 98.0M 3s
171200K .......... .......... .......... .......... .......... 69% 80.2M 3s
171250K .......... .......... .......... .......... .......... 69% 66.6M 3s
171300K .......... .......... .......... .......... .......... 69% 59.1M 3s
171350K .......... .......... .......... .......... .......... 69% 70.5M 3s
171400K .......... .......... .......... .......... .......... 69% 89.4M 3s
171450K .......... .......... .......... .......... .......... 69% 90.9M 3s
171500K .......... .......... .......... .......... .......... 69% 30.5M 3s
171550K .......... .......... .......... .......... .......... 69% 91.6M 3s
171600K .......... .......... .......... .......... .......... 69% 48.6M 3s
171650K .......... .......... .......... .......... .......... 69% 80.6M 3s
171700K .......... .......... .......... .......... .......... 69% 74.3M 3s
171750K .......... .......... .......... .......... .......... 69% 32.5M 3s
171800K .......... .......... .......... .......... .......... 69% 81.5M 3s
171850K .......... .......... .......... .......... .......... 69% 86.4M 3s
171900K .......... .......... .......... .......... .......... 69% 71.1M 3s
171950K .......... .......... .......... .......... .......... 69% 68.1M 3s
172000K .......... .......... .......... .......... .......... 69% 48.9M 3s
172050K .......... .......... .......... .......... .......... 69% 65.7M 3s
172100K .......... .......... .......... .......... .......... 69% 46.2M 3s
172150K .......... .......... .......... .......... .......... 69% 88.1M 3s
172200K .......... .......... .......... .......... .......... 69% 59.0M 3s
172250K .......... .......... .......... .......... .......... 69% 44.6M 3s
172300K .......... .......... .......... .......... .......... 69%  106M 3s
172350K .......... .......... .......... .......... .......... 69% 52.0M 3s
172400K .......... .......... .......... .......... .......... 69% 39.9M 3s
172450K .......... .......... .......... .......... .......... 69% 98.3M 3s
172500K .......... .......... .......... .......... .......... 69% 24.5M 3s
172550K .......... .......... .......... .......... .......... 69% 68.8M 3s
172600K .......... .......... .......... .......... .......... 69% 72.6M 3s
172650K .......... .......... .......... .......... .......... 69% 95.0M 3s
172700K .......... .......... .......... .......... .......... 69%  103M 3s
172750K .......... .......... .......... .......... .......... 69%  111M 3s
172800K .......... .......... .......... .......... .......... 69% 28.0M 3s
172850K .......... .......... .......... .......... .......... 69% 43.7M 3s
172900K .......... .......... .......... .......... .......... 69% 36.7M 3s
172950K .......... .......... .......... .......... .......... 69% 30.9M 3s
173000K .......... .......... .......... .......... .......... 69% 94.6M 3s
173050K .......... .......... .......... .......... .......... 70% 23.9M 3s
173100K .......... .......... .......... .......... .......... 70% 51.3M 3s
173150K .......... .......... .......... .......... .......... 70% 43.8M 3s
173200K .......... .......... .......... .......... .......... 70% 72.7M 3s
173250K .......... .......... .......... .......... .......... 70% 87.5M 3s
173300K .......... .......... .......... .......... .......... 70% 97.2M 3s
173350K .......... .......... .......... .......... .......... 70%  105M 3s
173400K .......... .......... .......... .......... .......... 70% 94.1M 3s
173450K .......... .......... .......... .......... .......... 70% 22.5M 3s
173500K .......... .......... .......... .......... .......... 70% 42.8M 3s
173550K .......... .......... .......... .......... .......... 70% 26.1M 3s
173600K .......... .......... .......... .......... .......... 70% 22.9M 3s
173650K .......... .......... .......... .......... .......... 70% 25.0M 3s
173700K .......... .......... .......... .......... .......... 70% 64.4M 3s
173750K .......... .......... .......... .......... .......... 70% 43.6M 3s
173800K .......... .......... .......... .......... .......... 70% 14.3M 3s
173850K .......... .......... .......... .......... .......... 70% 77.0M 3s
173900K .......... .......... .......... .......... .......... 70% 52.6M 3s
173950K .......... .......... .......... .......... .......... 70% 69.7M 3s
174000K .......... .......... .......... .......... .......... 70%  104M 3s
174050K .......... .......... .......... .......... .......... 70% 72.0M 3s
174100K .......... .......... .......... .......... .......... 70% 36.0M 3s
174150K .......... .......... .......... .......... .......... 70% 63.5M 3s
174200K .......... .......... .......... .......... .......... 70% 20.8M 3s
174250K .......... .......... .......... .......... .......... 70% 38.0M 3s
174300K .......... .......... .......... .......... .......... 70% 32.1M 3s
174350K .......... .......... .......... .......... .......... 70% 89.1M 3s
174400K .......... .......... .......... .......... .......... 70% 78.2M 3s
174450K .......... .......... .......... .......... .......... 70% 12.3M 3s
174500K .......... .......... .......... .......... .......... 70% 98.1M 3s
174550K .......... .......... .......... .......... .......... 70% 29.9M 3s
174600K .......... .......... .......... .......... .......... 70%  109M 3s
174650K .......... .......... .......... .......... .......... 70% 98.4M 3s
174700K .......... .......... .......... .......... .......... 70% 91.8M 3s
174750K .......... .......... .......... .......... .......... 70% 51.8M 3s
174800K .......... .......... .......... .......... .......... 70% 43.1M 3s
174850K .......... .......... .......... .......... .......... 70% 94.7M 3s
174900K .......... .......... .......... .......... .......... 70%  564K 3s
174950K .......... .......... .......... .......... .......... 70% 75.1M 3s
175000K .......... .......... .......... .......... .......... 70% 31.5M 3s
175050K .......... .......... .......... .......... .......... 70% 84.4M 3s
175100K .......... .......... .......... .......... .......... 70%  104M 3s
175150K .......... .......... .......... .......... .......... 70% 73.5M 3s
175200K .......... .......... .......... .......... .......... 70%  100M 3s
175250K .......... .......... .......... .......... .......... 70% 88.4M 3s
175300K .......... .......... .......... .......... .......... 70% 67.8M 3s
175350K .......... .......... .......... .......... .......... 70% 97.7M 3s
175400K .......... .......... .......... .......... .......... 70% 76.7M 3s
175450K .......... .......... .......... .......... .......... 70% 85.1M 3s
175500K .......... .......... .......... .......... .......... 71% 23.8M 3s
175550K .......... .......... .......... .......... .......... 71%  112M 3s
175600K .......... .......... .......... .......... .......... 71% 90.9M 3s
175650K .......... .......... .......... .......... .......... 71% 91.8M 3s
175700K .......... .......... .......... .......... .......... 71% 59.4M 3s
175750K .......... .......... .......... .......... .......... 71% 46.5M 3s
175800K .......... .......... .......... .......... .......... 71% 55.0M 3s
175850K .......... .......... .......... .......... .......... 71% 55.1M 3s
175900K .......... .......... .......... .......... .......... 71% 86.3M 3s
175950K .......... .......... .......... .......... .......... 71% 63.2M 3s
176000K .......... .......... .......... .......... .......... 71% 87.4M 3s
176050K .......... .......... .......... .......... .......... 71% 41.3M 3s
176100K .......... .......... .......... .......... .......... 71% 66.8M 3s
176150K .......... .......... .......... .......... .......... 71% 96.3M 3s
176200K .......... .......... .......... .......... .......... 71% 43.5M 3s
176250K .......... .......... .......... .......... .......... 71% 53.3M 3s
176300K .......... .......... .......... .......... .......... 71% 51.7M 3s
176350K .......... .......... .......... .......... .......... 71% 38.4M 3s
176400K .......... .......... .......... .......... .......... 71% 93.4M 3s
176450K .......... .......... .......... .......... .......... 71% 32.3M 3s
176500K .......... .......... .......... .......... .......... 71% 89.8M 3s
176550K .......... .......... .......... .......... .......... 71% 40.5M 3s
176600K .......... .......... .......... .......... .......... 71% 84.3M 3s
176650K .......... .......... .......... .......... .......... 71%  112M 3s
176700K .......... .......... .......... .......... .......... 71% 64.5M 3s
176750K .......... .......... .......... .......... .......... 71% 33.6M 3s
176800K .......... .......... .......... .......... .......... 71% 44.9M 3s
176850K .......... .......... .......... .......... .......... 71% 84.0M 3s
176900K .......... .......... .......... .......... .......... 71% 86.6M 3s
176950K .......... .......... .......... .......... .......... 71% 28.7M 3s
177000K .......... .......... .......... .......... .......... 71% 85.3M 3s
177050K .......... .......... .......... .......... .......... 71% 69.4M 3s
177100K .......... .......... .......... .......... .......... 71% 14.2M 3s
177150K .......... .......... .......... .......... .......... 71% 73.4M 3s
177200K .......... .......... .......... .......... .......... 71%  107M 3s
177250K .......... .......... .......... .......... .......... 71%  104M 3s
177300K .......... .......... .......... .......... .......... 71% 59.1M 3s
177350K .......... .......... .......... .......... .......... 71% 94.6M 3s
177400K .......... .......... .......... .......... .......... 71%  117M 3s
177450K .......... .......... .......... .......... .......... 71% 30.0M 3s
177500K .......... .......... .......... .......... .......... 71% 32.3M 3s
177550K .......... .......... .......... .......... .......... 71% 35.6M 3s
177600K .......... .......... .......... .......... .......... 71% 25.1M 3s
177650K .......... .......... .......... .......... .......... 71% 22.1M 3s
177700K .......... .......... .......... .......... .......... 71% 33.4M 3s
177750K .......... .......... .......... .......... .......... 71% 83.1M 3s
177800K .......... .......... .......... .......... .......... 71% 13.2M 3s
177850K .......... .......... .......... .......... .......... 71% 35.1M 3s
177900K .......... .......... .......... .......... .......... 71% 47.5M 3s
177950K .......... .......... .......... .......... .......... 71% 77.7M 3s
178000K .......... .......... .......... .......... .......... 72%  102M 3s
178050K .......... .......... .......... .......... .......... 72% 69.0M 3s
178100K .......... .......... .......... .......... .......... 72%  109M 3s
178150K .......... .......... .......... .......... .......... 72% 90.5M 3s
178200K .......... .......... .......... .......... .......... 72% 29.9M 3s
178250K .......... .......... .......... .......... .......... 72% 22.8M 3s
178300K .......... .......... .......... .......... .......... 72% 25.7M 3s
178350K .......... .......... .......... .......... .......... 72% 52.8M 3s
178400K .......... .......... .......... .......... .......... 72% 87.2M 3s
178450K .......... .......... .......... .......... .......... 72% 18.1M 3s
178500K .......... .......... .......... .......... .......... 72% 67.8M 3s
178550K .......... .......... .......... .......... .......... 72% 85.3M 3s
178600K .......... .......... .......... .......... .......... 72% 28.2M 3s
178650K .......... .......... .......... .......... .......... 72% 59.2M 3s
178700K .......... .......... .......... .......... .......... 72% 89.2M 3s
178750K .......... .......... .......... .......... .......... 72% 59.2M 3s
178800K .......... .......... .......... .......... .......... 72% 53.0M 3s
178850K .......... .......... .......... .......... .......... 72%  562K 3s
178900K .......... .......... .......... .......... .......... 72% 36.6M 3s
178950K .......... .......... .......... .......... .......... 72% 69.6M 3s
179000K .......... .......... .......... .......... .......... 72% 73.6M 3s
179050K .......... .......... .......... .......... .......... 72% 95.1M 3s
179100K .......... .......... .......... .......... .......... 72% 79.8M 3s
179150K .......... .......... .......... .......... .......... 72%  109M 3s
179200K .......... .......... .......... .......... .......... 72% 36.4M 3s
179250K .......... .......... .......... .......... .......... 72% 86.4M 3s
179300K .......... .......... .......... .......... .......... 72% 88.9M 3s
179350K .......... .......... .......... .......... .......... 72%  101M 3s
179400K .......... .......... .......... .......... .......... 72% 75.1M 3s
179450K .......... .......... .......... .......... .......... 72%  115M 3s
179500K .......... .......... .......... .......... .......... 72% 61.6M 3s
179550K .......... .......... .......... .......... .......... 72% 43.1M 3s
179600K .......... .......... .......... .......... .......... 72% 73.6M 3s
179650K .......... .......... .......... .......... .......... 72% 49.4M 3s
179700K .......... .......... .......... .......... .......... 72% 72.8M 3s
179750K .......... .......... .......... .......... .......... 72% 52.5M 3s
179800K .......... .......... .......... .......... .......... 72% 88.7M 3s
179850K .......... .......... .......... .......... .......... 72% 48.9M 3s
179900K .......... .......... .......... .......... .......... 72% 74.9M 3s
179950K .......... .......... .......... .......... .......... 72% 71.7M 3s
180000K .......... .......... .......... .......... .......... 72% 62.9M 3s
180050K .......... .......... .......... .......... .......... 72% 75.0M 3s
180100K .......... .......... .......... .......... .......... 72% 39.6M 3s
180150K .......... .......... .......... .......... .......... 72% 39.1M 3s
180200K .......... .......... .......... .......... .......... 72% 49.4M 3s
180250K .......... .......... .......... .......... .......... 72% 81.7M 3s
180300K .......... .......... .......... .......... .......... 72% 81.1M 3s
180350K .......... .......... .......... .......... .......... 72% 37.4M 3s
180400K .......... .......... .......... .......... .......... 72% 99.7M 3s
180450K .......... .......... .......... .......... .......... 73% 28.8M 3s
180500K .......... .......... .......... .......... .......... 73% 44.1M 3s
180550K .......... .......... .......... .......... .......... 73% 95.7M 3s
180600K .......... .......... .......... .......... .......... 73% 41.8M 3s
180650K .......... .......... .......... .......... .......... 73% 95.0M 3s
180700K .......... .......... .......... .......... .......... 73% 78.2M 3s
180750K .......... .......... .......... .......... .......... 73% 45.1M 3s
180800K .......... .......... .......... .......... .......... 73% 71.7M 3s
180850K .......... .......... .......... .......... .......... 73% 47.4M 3s
180900K .......... .......... .......... .......... .......... 73% 92.9M 3s
180950K .......... .......... .......... .......... .......... 73% 33.7M 3s
181000K .......... .......... .......... .......... .......... 73%  109M 3s
181050K .......... .......... .......... .......... .......... 73% 43.5M 3s
181100K .......... .......... .......... .......... .......... 73% 18.8M 3s
181150K .......... .......... .......... .......... .......... 73% 49.7M 3s
181200K .......... .......... .......... .......... .......... 73% 83.0M 3s
181250K .......... .......... .......... .......... .......... 73% 90.3M 3s
181300K .......... .......... .......... .......... .......... 73% 48.3M 3s
181350K .......... .......... .......... .......... .......... 73% 85.9M 3s
181400K .......... .......... .......... .......... .......... 73% 35.9M 3s
181450K .......... .......... .......... .......... .......... 73% 84.8M 3s
181500K .......... .......... .......... .......... .......... 73% 35.0M 3s
181550K .......... .......... .......... .......... .......... 73% 34.4M 3s
181600K .......... .......... .......... .......... .......... 73% 31.6M 3s
181650K .......... .......... .......... .......... .......... 73% 41.6M 3s
181700K .......... .......... .......... .......... .......... 73% 14.7M 3s
181750K .......... .......... .......... .......... .......... 73% 50.8M 3s
181800K .......... .......... .......... .......... .......... 73% 77.2M 3s
181850K .......... .......... .......... .......... .......... 73% 14.9M 3s
181900K .......... .......... .......... .......... .......... 73% 33.0M 3s
181950K .......... .......... .......... .......... .......... 73% 60.7M 3s
182000K .......... .......... .......... .......... .......... 73% 79.1M 3s
182050K .......... .......... .......... .......... .......... 73% 65.5M 3s
182100K .......... .......... .......... .......... .......... 73% 85.8M 3s
182150K .......... .......... .......... .......... .......... 73% 95.4M 3s
182200K .......... .......... .......... .......... .......... 73% 76.7M 3s
182250K .......... .......... .......... .......... .......... 73% 21.8M 3s
182300K .......... .......... .......... .......... .......... 73% 30.2M 3s
182350K .......... .......... .......... .......... .......... 73% 29.1M 3s
182400K .......... .......... .......... .......... .......... 73% 76.8M 3s
182450K .......... .......... .......... .......... .......... 73% 18.0M 3s
182500K .......... .......... .......... .......... .......... 73% 68.9M 3s
182550K .......... .......... .......... .......... .......... 73% 87.9M 3s
182600K .......... .......... .......... .......... .......... 73% 40.6M 3s
182650K .......... .......... .......... .......... .......... 73% 38.6M 3s
182700K .......... .......... .......... .......... .......... 73% 59.2M 3s
182750K .......... .......... .......... .......... .......... 73% 47.5M 3s
182800K .......... .......... .......... .......... .......... 73% 62.5M 3s
182850K .......... .......... .......... .......... .......... 73%  565K 3s
182900K .......... .......... .......... .......... .......... 73% 42.9M 3s
182950K .......... .......... .......... .......... .......... 74%  102M 3s
183000K .......... .......... .......... .......... .......... 74% 58.2M 3s
183050K .......... .......... .......... .......... .......... 74% 71.3M 3s
183100K .......... .......... .......... .......... .......... 74% 42.3M 3s
183150K .......... .......... .......... .......... .......... 74% 89.7M 3s
183200K .......... .......... .......... .......... .......... 74% 86.5M 3s
183250K .......... .......... .......... .......... .......... 74% 96.9M 3s
183300K .......... .......... .......... .......... .......... 74% 77.7M 3s
183350K .......... .......... .......... .......... .......... 74% 90.9M 3s
183400K .......... .......... .......... .......... .......... 74% 88.9M 3s
183450K .......... .......... .......... .......... .......... 74% 99.6M 3s
183500K .......... .......... .......... .......... .......... 74% 29.9M 3s
183550K .......... .......... .......... .......... .......... 74% 93.1M 3s
183600K .......... .......... .......... .......... .......... 74% 81.7M 3s
183650K .......... .......... .......... .......... .......... 74% 39.3M 3s
183700K .......... .......... .......... .......... .......... 74% 73.8M 3s
183750K .......... .......... .......... .......... .......... 74% 83.3M 3s
183800K .......... .......... .......... .......... .......... 74% 71.2M 3s
183850K .......... .......... .......... .......... .......... 74% 75.7M 3s
183900K .......... .......... .......... .......... .......... 74% 35.2M 3s
183950K .......... .......... .......... .......... .......... 74% 97.2M 3s
184000K .......... .......... .......... .......... .......... 74% 35.7M 3s
184050K .......... .......... .......... .......... .......... 74% 88.0M 3s
184100K .......... .......... .......... .......... .......... 74% 97.5M 3s
184150K .......... .......... .......... .......... .......... 74% 42.3M 3s
184200K .......... .......... .......... .......... .......... 74% 66.1M 3s
184250K .......... .......... .......... .......... .......... 74% 67.6M 3s
184300K .......... .......... .......... .......... .......... 74% 32.7M 3s
184350K .......... .......... .......... .......... .......... 74% 88.6M 3s
184400K .......... .......... .......... .......... .......... 74% 30.5M 3s
184450K .......... .......... .......... .......... .......... 74% 43.2M 3s
184500K .......... .......... .......... .......... .......... 74% 86.5M 3s
184550K .......... .......... .......... .......... .......... 74% 81.4M 3s
184600K .......... .......... .......... .......... .......... 74% 86.6M 3s
184650K .......... .......... .......... .......... .......... 74% 39.9M 3s
184700K .......... .......... .......... .......... .......... 74% 53.9M 3s
184750K .......... .......... .......... .......... .......... 74% 83.0M 3s
184800K .......... .......... .......... .......... .......... 74% 42.1M 3s
184850K .......... .......... .......... .......... .......... 74% 45.7M 3s
184900K .......... .......... .......... .......... .......... 74% 69.3M 3s
184950K .......... .......... .......... .......... .......... 74% 84.6M 3s
185000K .......... .......... .......... .......... .......... 74% 69.0M 3s
185050K .......... .......... .......... .......... .......... 74% 38.2M 3s
185100K .......... .......... .......... .......... .......... 74% 53.6M 3s
185150K .......... .......... .......... .......... .......... 74% 15.8M 3s
185200K .......... .......... .......... .......... .......... 74% 39.6M 3s
185250K .......... .......... .......... .......... .......... 74% 76.3M 3s
185300K .......... .......... .......... .......... .......... 74% 89.5M 3s
185350K .......... .......... .......... .......... .......... 74% 71.9M 3s
185400K .......... .......... .......... .......... .......... 75% 79.2M 3s
185450K .......... .......... .......... .......... .......... 75% 82.4M 3s
185500K .......... .......... .......... .......... .......... 75% 60.4M 3s
185550K .......... .......... .......... .......... .......... 75% 30.0M 3s
185600K .......... .......... .......... .......... .......... 75% 36.9M 3s
185650K .......... .......... .......... .......... .......... 75% 22.1M 3s
185700K .......... .......... .......... .......... .......... 75% 21.4M 3s
185750K .......... .......... .......... .......... .......... 75% 36.2M 3s
185800K .......... .......... .......... .......... .......... 75% 76.6M 3s
185850K .......... .......... .......... .......... .......... 75% 46.1M 3s
185900K .......... .......... .......... .......... .......... 75% 12.8M 3s
185950K .......... .......... .......... .......... .......... 75% 34.7M 3s
186000K .......... .......... .......... .......... .......... 75%  103M 3s
186050K .......... .......... .......... .......... .......... 75% 64.3M 3s
186100K .......... .......... .......... .......... .......... 75% 74.8M 3s
186150K .......... .......... .......... .......... .......... 75% 97.0M 3s
186200K .......... .......... .......... .......... .......... 75%  109M 3s
186250K .......... .......... .......... .......... .......... 75% 40.2M 3s
186300K .......... .......... .......... .......... .......... 75% 54.5M 3s
186350K .......... .......... .......... .......... .......... 75% 12.5M 3s
186400K .......... .......... .......... .......... .......... 75% 22.1M 3s
186450K .......... .......... .......... .......... .......... 75% 55.3M 3s
186500K .......... .......... .......... .......... .......... 75% 95.8M 3s
186550K .......... .......... .......... .......... .......... 75% 80.1M 3s
186600K .......... .......... .......... .......... .......... 75% 23.9M 3s
186650K .......... .......... .......... .......... .......... 75% 95.3M 3s
186700K .......... .......... .......... .......... .......... 75% 61.2M 3s
186750K .......... .......... .......... .......... .......... 75% 53.6M 3s
186800K .......... .......... .......... .......... .......... 75% 79.6M 3s
186850K .......... .......... .......... .......... .......... 75%  564K 3s
186900K .......... .......... .......... .......... .......... 75% 50.7M 3s
186950K .......... .......... .......... .......... .......... 75%  104M 3s
187000K .......... .......... .......... .......... .......... 75% 67.5M 3s
187050K .......... .......... .......... .......... .......... 75% 60.7M 3s
187100K .......... .......... .......... .......... .......... 75% 73.1M 3s
187150K .......... .......... .......... .......... .......... 75%  108M 3s
187200K .......... .......... .......... .......... .......... 75% 55.4M 3s
187250K .......... .......... .......... .......... .......... 75% 39.0M 3s
187300K .......... .......... .......... .......... .......... 75% 92.4M 3s
187350K .......... .......... .......... .......... .......... 75%  113M 3s
187400K .......... .......... .......... .......... .......... 75%  114M 3s
187450K .......... .......... .......... .......... .......... 75% 55.5M 3s
187500K .......... .......... .......... .......... .......... 75% 45.9M 3s
187550K .......... .......... .......... .......... .......... 75% 93.0M 3s
187600K .......... .......... .......... .......... .......... 75% 40.9M 2s
187650K .......... .......... .......... .......... .......... 75% 97.3M 2s
187700K .......... .......... .......... .......... .......... 75% 53.1M 2s
187750K .......... .......... .......... .......... .......... 75% 44.5M 2s
187800K .......... .......... .......... .......... .......... 75% 93.8M 2s
187850K .......... .......... .......... .......... .......... 76% 69.5M 2s
187900K .......... .......... .......... .......... .......... 76% 80.5M 2s
187950K .......... .......... .......... .......... .......... 76% 66.0M 2s
188000K .......... .......... .......... .......... .......... 76% 53.5M 2s
188050K .......... .......... .......... .......... .......... 76% 33.6M 2s
188100K .......... .......... .......... .......... .......... 76% 59.6M 2s
188150K .......... .......... .......... .......... .......... 76% 82.9M 2s
188200K .......... .......... .......... .......... .......... 76% 98.0M 2s
188250K .......... .......... .......... .......... .......... 76% 67.8M 2s
188300K .......... .......... .......... .......... .......... 76% 87.7M 2s
188350K .......... .......... .......... .......... .......... 76% 48.7M 2s
188400K .......... .......... .......... .......... .......... 76% 7.84M 2s
188450K .......... .......... .......... .......... .......... 76%  117M 2s
188500K .......... .......... .......... .......... .......... 76%  130M 2s
188550K .......... .......... .......... .......... .......... 76% 94.1M 2s
188600K .......... .......... .......... .......... .......... 76%  122M 2s
188650K .......... .......... .......... .......... .......... 76%  131M 2s
188700K .......... .......... .......... .......... .......... 76%  100M 2s
188750K .......... .......... .......... .......... .......... 76% 97.2M 2s
188800K .......... .......... .......... .......... .......... 76% 84.1M 2s
188850K .......... .......... .......... .......... .......... 76%  106M 2s
188900K .......... .......... .......... .......... .......... 76% 92.5M 2s
188950K .......... .......... .......... .......... .......... 76% 93.7M 2s
189000K .......... .......... .......... .......... .......... 76%  102M 2s
189050K .......... .......... .......... .......... .......... 76% 39.4M 2s
189100K .......... .......... .......... .......... .......... 76% 44.7M 2s
189150K .......... .......... .......... .......... .......... 76% 18.3M 2s
189200K .......... .......... .......... .......... .......... 76% 82.1M 2s
189250K .......... .......... .......... .......... .......... 76% 58.6M 2s
189300K .......... .......... .......... .......... .......... 76% 72.5M 2s
189350K .......... .......... .......... .......... .......... 76% 28.7M 2s
189400K .......... .......... .......... .......... .......... 76%  109M 2s
189450K .......... .......... .......... .......... .......... 76% 89.2M 2s
189500K .......... .......... .......... .......... .......... 76% 66.1M 2s
189550K .......... .......... .......... .......... .......... 76% 72.6M 2s
189600K .......... .......... .......... .......... .......... 76% 29.6M 2s
189650K .......... .......... .......... .......... .......... 76% 16.3M 2s
189700K .......... .......... .......... .......... .......... 76% 88.2M 2s
189750K .......... .......... .......... .......... .......... 76% 19.8M 2s
189800K .......... .......... .......... .......... .......... 76% 42.2M 2s
189850K .......... .......... .......... .......... .......... 76% 74.5M 2s
189900K .......... .......... .......... .......... .......... 76% 14.1M 2s
189950K .......... .......... .......... .......... .......... 76% 62.0M 2s
190000K .......... .......... .......... .......... .......... 76% 41.5M 2s
190050K .......... .......... .......... .......... .......... 76% 73.3M 2s
190100K .......... .......... .......... .......... .......... 76% 80.8M 2s
190150K .......... .......... .......... .......... .......... 76% 76.9M 2s
190200K .......... .......... .......... .......... .......... 76% 68.7M 2s
190250K .......... .......... .......... .......... .......... 76% 71.5M 2s
190300K .......... .......... .......... .......... .......... 76% 20.6M 2s
190350K .......... .......... .......... .......... .......... 77% 33.8M 2s
190400K .......... .......... .......... .......... .......... 77% 13.0M 2s
190450K .......... .......... .......... .......... .......... 77% 35.6M 2s
190500K .......... .......... .......... .......... .......... 77% 91.4M 2s
190550K .......... .......... .......... .......... .......... 77% 97.9M 2s
190600K .......... .......... .......... .......... .......... 77% 71.7M 2s
190650K .......... .......... .......... .......... .......... 77% 32.3M 2s
190700K .......... .......... .......... .......... .......... 77%  108M 2s
190750K .......... .......... .......... .......... .......... 77% 50.6M 2s
190800K .......... .......... .......... .......... .......... 77%  563K 2s
190850K .......... .......... .......... .......... .......... 77%  105M 2s
190900K .......... .......... .......... .......... .......... 77% 28.7M 2s
190950K .......... .......... .......... .......... .......... 77% 54.6M 2s
191000K .......... .......... .......... .......... .......... 77% 86.3M 2s
191050K .......... .......... .......... .......... .......... 77% 77.6M 2s
191100K .......... .......... .......... .......... .......... 77% 79.2M 2s
191150K .......... .......... .......... .......... .......... 77% 38.4M 2s
191200K .......... .......... .......... .......... .......... 77% 95.8M 2s
191250K .......... .......... .......... .......... .......... 77% 73.2M 2s
191300K .......... .......... .......... .......... .......... 77% 79.7M 2s
191350K .......... .......... .......... .......... .......... 77% 76.7M 2s
191400K .......... .......... .......... .......... .......... 77% 75.4M 2s
191450K .......... .......... .......... .......... .......... 77% 87.2M 2s
191500K .......... .......... .......... .......... .......... 77% 94.9M 2s
191550K .......... .......... .......... .......... .......... 77% 58.9M 2s
191600K .......... .......... .......... .......... .......... 77% 67.5M 2s
191650K .......... .......... .......... .......... .......... 77% 45.4M 2s
191700K .......... .......... .......... .......... .......... 77% 64.8M 2s
191750K .......... .......... .......... .......... .......... 77%  111M 2s
191800K .......... .......... .......... .......... .......... 77% 45.6M 2s
191850K .......... .......... .......... .......... .......... 77% 53.8M 2s
191900K .......... .......... .......... .......... .......... 77%  115M 2s
191950K .......... .......... .......... .......... .......... 77% 78.0M 2s
192000K .......... .......... .......... .......... .......... 77% 55.7M 2s
192050K .......... .......... .......... .......... .......... 77% 45.0M 2s
192100K .......... .......... .......... .......... .......... 77% 42.4M 2s
192150K .......... .......... .......... .......... .......... 77% 43.9M 2s
192200K .......... .......... .......... .......... .......... 77%  110M 2s
192250K .......... .......... .......... .......... .......... 77% 96.9M 2s
192300K .......... .......... .......... .......... .......... 77%  102M 2s
192350K .......... .......... .......... .......... .......... 77% 52.0M 2s
192400K .......... .......... .......... .......... .......... 77% 27.2M 2s
192450K .......... .......... .......... .......... .......... 77% 40.0M 2s
192500K .......... .......... .......... .......... .......... 77% 38.5M 2s
192550K .......... .......... .......... .......... .......... 77%  106M 2s
192600K .......... .......... .......... .......... .......... 77%  104M 2s
192650K .......... .......... .......... .......... .......... 77% 39.6M 2s
192700K .......... .......... .......... .......... .......... 77% 92.5M 2s
192750K .......... .......... .......... .......... .......... 77% 41.5M 2s
192800K .......... .......... .......... .......... .......... 78% 86.7M 2s
192850K .......... .......... .......... .......... .......... 78% 55.1M 2s
192900K .......... .......... .......... .......... .......... 78% 57.2M 2s
192950K .......... .......... .......... .......... .......... 78%  109M 2s
193000K .......... .......... .......... .......... .......... 78% 90.4M 2s
193050K .......... .......... .......... .......... .......... 78% 49.7M 2s
193100K .......... .......... .......... .......... .......... 78% 33.0M 2s
193150K .......... .......... .......... .......... .......... 78% 43.4M 2s
193200K .......... .......... .......... .......... .......... 78% 18.8M 2s
193250K .......... .......... .......... .......... .......... 78% 88.4M 2s
193300K .......... .......... .......... .......... .......... 78% 89.7M 2s
193350K .......... .......... .......... .......... .......... 78% 80.8M 2s
193400K .......... .......... .......... .......... .......... 78% 34.6M 2s
193450K .......... .......... .......... .......... .......... 78% 84.8M 2s
193500K .......... .......... .......... .......... .......... 78% 56.6M 2s
193550K .......... .......... .......... .......... .......... 78% 64.9M 2s
193600K .......... .......... .......... .......... .......... 78% 91.6M 2s
193650K .......... .......... .......... .......... .......... 78% 21.3M 2s
193700K .......... .......... .......... .......... .......... 78% 21.5M 2s
193750K .......... .......... .......... .......... .......... 78% 38.5M 2s
193800K .......... .......... .......... .......... .......... 78% 21.9M 2s
193850K .......... .......... .......... .......... .......... 78% 43.6M 2s
193900K .......... .......... .......... .......... .......... 78% 23.8M 2s
193950K .......... .......... .......... .......... .......... 78% 20.7M 2s
194000K .......... .......... .......... .......... .......... 78% 64.0M 2s
194050K .......... .......... .......... .......... .......... 78% 92.3M 2s
194100K .......... .......... .......... .......... .......... 78% 65.2M 2s
194150K .......... .......... .......... .......... .......... 78% 62.1M 2s
194200K .......... .......... .......... .......... .......... 78% 50.7M 2s
194250K .......... .......... .......... .......... .......... 78% 42.0M 2s
194300K .......... .......... .......... .......... .......... 78% 76.6M 2s
194350K .......... .......... .......... .......... .......... 78% 44.7M 2s
194400K .......... .......... .......... .......... .......... 78% 10.9M 2s
194450K .......... .......... .......... .......... .......... 78% 34.8M 2s
194500K .......... .......... .......... .......... .......... 78% 65.7M 2s
194550K .......... .......... .......... .......... .......... 78% 39.7M 2s
194600K .......... .......... .......... .......... .......... 78% 75.3M 2s
194650K .......... .......... .......... .......... .......... 78% 87.8M 2s
194700K .......... .......... .......... .......... .......... 78% 35.8M 2s
194750K .......... .......... .......... .......... .......... 78% 83.5M 2s
194800K .......... .......... .......... .......... .......... 78%  563K 2s
194850K .......... .......... .......... .......... .......... 78% 91.3M 2s
194900K .......... .......... .......... .......... .......... 78% 96.2M 2s
194950K .......... .......... .......... .......... .......... 78% 30.2M 2s
195000K .......... .......... .......... .......... .......... 78% 57.8M 2s
195050K .......... .......... .......... .......... .......... 78% 71.6M 2s
195100K .......... .......... .......... .......... .......... 78% 92.4M 2s
195150K .......... .......... .......... .......... .......... 78% 78.6M 2s
195200K .......... .......... .......... .......... .......... 78% 83.7M 2s
195250K .......... .......... .......... .......... .......... 78% 85.9M 2s
195300K .......... .......... .......... .......... .......... 79% 69.4M 2s
195350K .......... .......... .......... .......... .......... 79% 61.4M 2s
195400K .......... .......... .......... .......... .......... 79% 63.8M 2s
195450K .......... .......... .......... .......... .......... 79% 51.4M 2s
195500K .......... .......... .......... .......... .......... 79% 45.2M 2s
195550K .......... .......... .......... .......... .......... 79%  120M 2s
195600K .......... .......... .......... .......... .......... 79% 61.5M 2s
195650K .......... .......... .......... .......... .......... 79% 50.5M 2s
195700K .......... .......... .......... .......... .......... 79% 58.8M 2s
195750K .......... .......... .......... .......... .......... 79% 75.4M 2s
195800K .......... .......... .......... .......... .......... 79% 59.8M 2s
195850K .......... .......... .......... .......... .......... 79% 67.9M 2s
195900K .......... .......... .......... .......... .......... 79% 78.1M 2s
195950K .......... .......... .......... .......... .......... 79% 76.4M 2s
196000K .......... .......... .......... .......... .......... 79% 81.7M 2s
196050K .......... .......... .......... .......... .......... 79% 92.1M 2s
196100K .......... .......... .......... .......... .......... 79% 28.6M 2s
196150K .......... .......... .......... .......... .......... 79% 38.0M 2s
196200K .......... .......... .......... .......... .......... 79% 91.8M 2s
196250K .......... .......... .......... .......... .......... 79% 97.3M 2s
196300K .......... .......... .......... .......... .......... 79% 59.1M 2s
196350K .......... .......... .......... .......... .......... 79% 85.7M 2s
196400K .......... .......... .......... .......... .......... 79% 32.3M 2s
196450K .......... .......... .......... .......... .......... 79% 38.3M 2s
196500K .......... .......... .......... .......... .......... 79% 47.7M 2s
196550K .......... .......... .......... .......... .......... 79% 66.6M 2s
196600K .......... .......... .......... .......... .......... 79% 37.0M 2s
196650K .......... .......... .......... .......... .......... 79% 79.3M 2s
196700K .......... .......... .......... .......... .......... 79% 25.1M 2s
196750K .......... .......... .......... .......... .......... 79%  115M 2s
196800K .......... .......... .......... .......... .......... 79% 43.1M 2s
196850K .......... .......... .......... .......... .......... 79% 87.4M 2s
196900K .......... .......... .......... .......... .......... 79% 65.9M 2s
196950K .......... .......... .......... .......... .......... 79% 89.1M 2s
197000K .......... .......... .......... .......... .......... 79% 82.2M 2s
197050K .......... .......... .......... .......... .......... 79% 76.0M 2s
197100K .......... .......... .......... .......... .......... 79% 75.0M 2s
197150K .......... .......... .......... .......... .......... 79% 37.2M 2s
197200K .......... .......... .......... .......... .......... 79% 33.8M 2s
197250K .......... .......... .......... .......... .......... 79% 25.5M 2s
197300K .......... .......... .......... .......... .......... 79%  115M 2s
197350K .......... .......... .......... .......... .......... 79% 85.7M 2s
197400K .......... .......... .......... .......... .......... 79% 65.1M 2s
197450K .......... .......... .......... .......... .......... 79% 34.3M 2s
197500K .......... .......... .......... .......... .......... 79% 56.4M 2s
197550K .......... .......... .......... .......... .......... 79% 80.7M 2s
197600K .......... .......... .......... .......... .......... 79% 96.0M 2s
197650K .......... .......... .......... .......... .......... 79% 26.7M 2s
197700K .......... .......... .......... .......... .......... 79% 33.4M 2s
197750K .......... .......... .......... .......... .......... 80% 18.4M 2s
197800K .......... .......... .......... .......... .......... 80% 24.9M 2s
197850K .......... .......... .......... .......... .......... 80% 49.3M 2s
197900K .......... .......... .......... .......... .......... 80% 22.1M 2s
197950K .......... .......... .......... .......... .......... 80% 26.2M 2s
198000K .......... .......... .......... .......... .......... 80% 40.3M 2s
198050K .......... .......... .......... .......... .......... 80% 72.4M 2s
198100K .......... .......... .......... .......... .......... 80% 48.0M 2s
198150K .......... .......... .......... .......... .......... 80% 84.2M 2s
198200K .......... .......... .......... .......... .......... 80% 74.5M 2s
198250K .......... .......... .......... .......... .......... 80% 73.8M 2s
198300K .......... .......... .......... .......... .......... 80% 13.2M 2s
198350K .......... .......... .......... .......... .......... 80%  119M 2s
198400K .......... .......... .......... .......... .......... 80%  134M 2s
198450K .......... .......... .......... .......... .......... 80% 12.1M 2s
198500K .......... .......... .......... .......... .......... 80% 66.9M 2s
198550K .......... .......... .......... .......... .......... 80%  110M 2s
198600K .......... .......... .......... .......... .......... 80% 63.7M 2s
198650K .......... .......... .......... .......... .......... 80% 39.2M 2s
198700K .......... .......... .......... .......... .......... 80% 85.5M 2s
198750K .......... .......... .......... .......... .......... 80%  558K 2s
198800K .......... .......... .......... .......... .......... 80% 89.7M 2s
198850K .......... .......... .......... .......... .......... 80% 86.8M 2s
198900K .......... .......... .......... .......... .......... 80% 76.1M 2s
198950K .......... .......... .......... .......... .......... 80% 76.4M 2s
199000K .......... .......... .......... .......... .......... 80% 32.9M 2s
199050K .......... .......... .......... .......... .......... 80% 51.3M 2s
199100K .......... .......... .......... .......... .......... 80% 65.5M 2s
199150K .......... .......... .......... .......... .......... 80% 72.8M 2s
199200K .......... .......... .......... .......... .......... 80% 99.5M 2s
199250K .......... .......... .......... .......... .......... 80%  102M 2s
199300K .......... .......... .......... .......... .......... 80%  108M 2s
199350K .......... .......... .......... .......... .......... 80% 73.8M 2s
199400K .......... .......... .......... .......... .......... 80% 27.8M 2s
199450K .......... .......... .......... .......... .......... 80% 41.2M 2s
199500K .......... .......... .......... .......... .......... 80%  100M 2s
199550K .......... .......... .......... .......... .......... 80% 66.4M 2s
199600K .......... .......... .......... .......... .......... 80% 92.9M 2s
199650K .......... .......... .......... .......... .......... 80% 53.3M 2s
199700K .......... .......... .......... .......... .......... 80% 81.4M 2s
199750K .......... .......... .......... .......... .......... 80% 69.7M 2s
199800K .......... .......... .......... .......... .......... 80% 50.7M 2s
199850K .......... .......... .......... .......... .......... 80% 78.9M 2s
199900K .......... .......... .......... .......... .......... 80% 66.2M 2s
199950K .......... .......... .......... .......... .......... 80% 77.0M 2s
200000K .......... .......... .......... .......... .......... 80% 60.9M 2s
200050K .......... .......... .......... .......... .......... 80% 92.2M 2s
200100K .......... .......... .......... .......... .......... 80% 80.0M 2s
200150K .......... .......... .......... .......... .......... 80% 23.6M 2s
200200K .......... .......... .......... .......... .......... 80% 93.7M 2s
200250K .......... .......... .......... .......... .......... 81%  106M 2s
200300K .......... .......... .......... .......... .......... 81% 75.3M 2s
200350K .......... .......... .......... .......... .......... 81% 63.6M 2s
200400K .......... .......... .......... .......... .......... 81% 77.1M 2s
200450K .......... .......... .......... .......... .......... 81% 27.6M 2s
200500K .......... .......... .......... .......... .......... 81% 23.4M 2s
200550K .......... .......... .......... .......... .......... 81% 84.5M 2s
200600K .......... .......... .......... .......... .......... 81% 37.6M 2s
200650K .......... .......... .......... .......... .......... 81%  109M 2s
200700K .......... .......... .......... .......... .......... 81% 80.5M 2s
200750K .......... .......... .......... .......... .......... 81% 41.3M 2s
200800K .......... .......... .......... .......... .......... 81% 77.6M 2s
200850K .......... .......... .......... .......... .......... 81% 76.3M 2s
200900K .......... .......... .......... .......... .......... 81% 69.2M 2s
200950K .......... .......... .......... .......... .......... 81% 85.6M 2s
201000K .......... .......... .......... .......... .......... 81% 43.3M 2s
201050K .......... .......... .......... .......... .......... 81% 23.4M 2s
201100K .......... .......... .......... .......... .......... 81%  113M 2s
201150K .......... .......... .......... .......... .......... 81%  117M 2s
201200K .......... .......... .......... .......... .......... 81% 24.2M 2s
201250K .......... .......... .......... .......... .......... 81% 90.5M 2s
201300K .......... .......... .......... .......... .......... 81% 51.9M 2s
201350K .......... .......... .......... .......... .......... 81%  101M 2s
201400K .......... .......... .......... .......... .......... 81% 27.6M 2s
201450K .......... .......... .......... .......... .......... 81% 76.5M 2s
201500K .......... .......... .......... .......... .......... 81% 65.0M 2s
201550K .......... .......... .......... .......... .......... 81% 87.9M 2s
201600K .......... .......... .......... .......... .......... 81% 73.4M 2s
201650K .......... .......... .......... .......... .......... 81% 71.3M 2s
201700K .......... .......... .......... .......... .......... 81% 25.2M 2s
201750K .......... .......... .......... .......... .......... 81% 22.6M 2s
201800K .......... .......... .......... .......... .......... 81% 73.9M 2s
201850K .......... .......... .......... .......... .......... 81% 17.9M 2s
201900K .......... .......... .......... .......... .......... 81% 15.0M 2s
201950K .......... .......... .......... .......... .......... 81% 81.7M 2s
202000K .......... .......... .......... .......... .......... 81% 34.8M 2s
202050K .......... .......... .......... .......... .......... 81% 32.7M 2s
202100K .......... .......... .......... .......... .......... 81% 52.0M 2s
202150K .......... .......... .......... .......... .......... 81% 25.0M 2s
202200K .......... .......... .......... .......... .......... 81% 79.2M 2s
202250K .......... .......... .......... .......... .......... 81%  117M 2s
202300K .......... .......... .......... .......... .......... 81%  106M 2s
202350K .......... .......... .......... .......... .......... 81% 88.2M 2s
202400K .......... .......... .......... .......... .......... 81% 41.0M 2s
202450K .......... .......... .......... .......... .......... 81% 9.42M 2s
202500K .......... .......... .......... .......... .......... 81% 83.5M 2s
202550K .......... .......... .......... .......... .......... 81% 28.4M 2s
202600K .......... .......... .......... .......... .......... 81% 94.5M 2s
202650K .......... .......... .......... .......... .......... 81% 59.5M 2s
202700K .......... .......... .......... .......... .......... 82% 53.6M 2s
202750K .......... .......... .......... .......... .......... 82%  568K 2s
202800K .......... .......... .......... .......... .......... 82% 33.3M 2s
202850K .......... .......... .......... .......... .......... 82% 62.2M 2s
202900K .......... .......... .......... .......... .......... 82% 83.2M 2s
202950K .......... .......... .......... .......... .......... 82% 77.8M 2s
203000K .......... .......... .......... .......... .......... 82% 78.3M 2s
203050K .......... .......... .......... .......... .......... 82% 26.5M 2s
203100K .......... .......... .......... .......... .......... 82% 72.7M 2s
203150K .......... .......... .......... .......... .......... 82% 79.9M 2s
203200K .......... .......... .......... .......... .......... 82% 70.2M 2s
203250K .......... .......... .......... .......... .......... 82% 67.4M 2s
203300K .......... .......... .......... .......... .......... 82% 80.1M 2s
203350K .......... .......... .......... .......... .......... 82% 92.8M 2s
203400K .......... .......... .......... .......... .......... 82% 74.9M 2s
203450K .......... .......... .......... .......... .......... 82% 39.4M 2s
203500K .......... .......... .......... .......... .......... 82% 58.2M 2s
203550K .......... .......... .......... .......... .......... 82% 65.0M 2s
203600K .......... .......... .......... .......... .......... 82% 79.0M 2s
203650K .......... .......... .......... .......... .......... 82% 87.4M 2s
203700K .......... .......... .......... .......... .......... 82% 85.3M 2s
203750K .......... .......... .......... .......... .......... 82% 64.0M 2s
203800K .......... .......... .......... .......... .......... 82% 57.2M 2s
203850K .......... .......... .......... .......... .......... 82% 80.4M 2s
203900K .......... .......... .......... .......... .......... 82% 71.1M 2s
203950K .......... .......... .......... .......... .......... 82% 81.8M 2s
204000K .......... .......... .......... .......... .......... 82% 59.7M 2s
204050K .......... .......... .......... .......... .......... 82% 85.3M 2s
204100K .......... .......... .......... .......... .......... 82% 54.1M 2s
204150K .......... .......... .......... .......... .......... 82% 30.6M 2s
204200K .......... .......... .......... .......... .......... 82% 86.1M 2s
204250K .......... .......... .......... .......... .......... 82% 75.7M 2s
204300K .......... .......... .......... .......... .......... 82% 75.5M 2s
204350K .......... .......... .......... .......... .......... 82%  104M 2s
204400K .......... .......... .......... .......... .......... 82% 45.0M 2s
204450K .......... .......... .......... .......... .......... 82% 71.2M 2s
204500K .......... .......... .......... .......... .......... 82% 23.2M 2s
204550K .......... .......... .......... .......... .......... 82% 48.0M 2s
204600K .......... .......... .......... .......... .......... 82% 70.8M 2s
204650K .......... .......... .......... .......... .......... 82% 48.7M 2s
204700K .......... .......... .......... .......... .......... 82% 72.5M 2s
204750K .......... .......... .......... .......... .......... 82% 26.2M 2s
204800K .......... .......... .......... .......... .......... 82% 83.0M 2s
204850K .......... .......... .......... .......... .......... 82% 81.9M 2s
204900K .......... .......... .......... .......... .......... 82% 85.2M 2s
204950K .......... .......... .......... .......... .......... 82% 77.5M 2s
205000K .......... .......... .......... .......... .......... 82% 53.2M 2s
205050K .......... .......... .......... .......... .......... 82% 43.6M 2s
205100K .......... .......... .......... .......... .......... 82%  102M 2s
205150K .......... .......... .......... .......... .......... 82% 47.3M 2s
205200K .......... .......... .......... .......... .......... 83% 76.3M 2s
205250K .......... .......... .......... .......... .......... 83% 19.5M 2s
205300K .......... .......... .......... .......... .......... 83% 69.8M 2s
205350K .......... .......... .......... .......... .......... 83% 57.9M 2s
205400K .......... .......... .......... .......... .......... 83% 47.2M 2s
205450K .......... .......... .......... .......... .......... 83% 52.0M 2s
205500K .......... .......... .......... .......... .......... 83% 43.7M 2s
205550K .......... .......... .......... .......... .......... 83% 65.5M 2s
205600K .......... .......... .......... .......... .......... 83%  103M 2s
205650K .......... .......... .......... .......... .......... 83% 70.8M 2s
205700K .......... .......... .......... .......... .......... 83% 65.9M 2s
205750K .......... .......... .......... .......... .......... 83% 23.9M 2s
205800K .......... .......... .......... .......... .......... 83% 34.8M 2s
205850K .......... .......... .......... .......... .......... 83% 18.2M 2s
205900K .......... .......... .......... .......... .......... 83% 18.5M 2s
205950K .......... .......... .......... .......... .......... 83% 24.5M 2s
206000K .......... .......... .......... .......... .......... 83% 45.3M 2s
206050K .......... .......... .......... .......... .......... 83% 25.0M 2s
206100K .......... .......... .......... .......... .......... 83% 48.9M 2s
206150K .......... .......... .......... .......... .......... 83% 68.4M 2s
206200K .......... .......... .......... .......... .......... 83% 75.9M 2s
206250K .......... .......... .......... .......... .......... 83% 70.1M 2s
206300K .......... .......... .......... .......... .......... 83%  104M 2s
206350K .......... .......... .......... .......... .......... 83% 74.0M 2s
206400K .......... .......... .......... .......... .......... 83% 43.0M 2s
206450K .......... .......... .......... .......... .......... 83% 14.5M 2s
206500K .......... .......... .......... .......... .......... 83% 18.7M 2s
206550K .......... .......... .......... .......... .......... 83% 25.4M 2s
206600K .......... .......... .......... .......... .......... 83% 65.2M 2s
206650K .......... .......... .......... .......... .......... 83% 49.9M 2s
206700K .......... .......... .......... .......... .......... 83% 68.0M 2s
206750K .......... .......... .......... .......... .......... 83%  571K 2s
206800K .......... .......... .......... .......... .......... 83% 24.9M 2s
206850K .......... .......... .......... .......... .......... 83% 78.7M 2s
206900K .......... .......... .......... .......... .......... 83% 46.4M 2s
206950K .......... .......... .......... .......... .......... 83% 48.3M 2s
207000K .......... .......... .......... .......... .......... 83% 58.2M 2s
207050K .......... .......... .......... .......... .......... 83% 81.6M 2s
207100K .......... .......... .......... .......... .......... 83%  115M 2s
207150K .......... .......... .......... .......... .......... 83% 86.6M 2s
207200K .......... .......... .......... .......... .......... 83% 94.6M 2s
207250K .......... .......... .......... .......... .......... 83% 70.6M 2s
207300K .......... .......... .......... .......... .......... 83%  114M 2s
207350K .......... .......... .......... .......... .......... 83% 97.3M 2s
207400K .......... .......... .......... .......... .......... 83% 47.8M 2s
207450K .......... .......... .......... .......... .......... 83% 46.9M 2s
207500K .......... .......... .......... .......... .......... 83% 48.8M 2s
207550K .......... .......... .......... .......... .......... 83% 71.8M 2s
207600K .......... .......... .......... .......... .......... 83% 96.0M 2s
207650K .......... .......... .......... .......... .......... 84% 78.1M 2s
207700K .......... .......... .......... .......... .......... 84% 43.4M 2s
207750K .......... .......... .......... .......... .......... 84% 55.8M 2s
207800K .......... .......... .......... .......... .......... 84% 69.8M 2s
207850K .......... .......... .......... .......... .......... 84% 76.0M 2s
207900K .......... .......... .......... .......... .......... 84% 88.0M 2s
207950K .......... .......... .......... .......... .......... 84% 26.8M 2s
208000K .......... .......... .......... .......... .......... 84% 52.4M 2s
208050K .......... .......... .......... .......... .......... 84% 89.7M 2s
208100K .......... .......... .......... .......... .......... 84% 87.1M 2s
208150K .......... .......... .......... .......... .......... 84% 94.1M 2s
208200K .......... .......... .......... .......... .......... 84% 60.7M 2s
208250K .......... .......... .......... .......... .......... 84% 58.2M 2s
208300K .......... .......... .......... .......... .......... 84% 54.4M 2s
208350K .......... .......... .......... .......... .......... 84%  102M 2s
208400K .......... .......... .......... .......... .......... 84% 80.5M 2s
208450K .......... .......... .......... .......... .......... 84% 65.4M 2s
208500K .......... .......... .......... .......... .......... 84% 22.8M 2s
208550K .......... .......... .......... .......... .......... 84% 82.5M 2s
208600K .......... .......... .......... .......... .......... 84% 38.0M 2s
208650K .......... .......... .......... .......... .......... 84% 70.4M 2s
208700K .......... .......... .......... .......... .......... 84% 75.4M 2s
208750K .......... .......... .......... .......... .......... 84% 40.1M 2s
208800K .......... .......... .......... .......... .......... 84% 50.4M 2s
208850K .......... .......... .......... .......... .......... 84% 22.7M 2s
208900K .......... .......... .......... .......... .......... 84%  104M 2s
208950K .......... .......... .......... .......... .......... 84%  114M 2s
209000K .......... .......... .......... .......... .......... 84% 97.4M 2s
209050K .......... .......... .......... .......... .......... 84% 79.7M 2s
209100K .......... .......... .......... .......... .......... 84% 88.3M 2s
209150K .......... .......... .......... .......... .......... 84% 88.1M 2s
209200K .......... .......... .......... .......... .......... 84% 38.0M 2s
209250K .......... .......... .......... .......... .......... 84% 63.9M 2s
209300K .......... .......... .......... .......... .......... 84% 23.6M 2s
209350K .......... .......... .......... .......... .......... 84% 84.1M 2s
209400K .......... .......... .......... .......... .......... 84% 73.9M 2s
209450K .......... .......... .......... .......... .......... 84% 27.7M 2s
209500K .......... .......... .......... .......... .......... 84% 57.2M 2s
209550K .......... .......... .......... .......... .......... 84% 70.0M 2s
209600K .......... .......... .......... .......... .......... 84% 76.3M 2s
209650K .......... .......... .......... .......... .......... 84% 78.5M 2s
209700K .......... .......... .......... .......... .......... 84% 76.0M 2s
209750K .......... .......... .......... .......... .......... 84% 48.2M 2s
209800K .......... .......... .......... .......... .......... 84% 19.0M 2s
209850K .......... .......... .......... .......... .......... 84% 35.9M 2s
209900K .......... .......... .......... .......... .......... 84% 11.8M 2s
209950K .......... .......... .......... .......... .......... 84% 44.5M 2s
210000K .......... .......... .......... .......... .......... 84% 28.6M 2s
210050K .......... .......... .......... .......... .......... 84% 53.5M 2s
210100K .......... .......... .......... .......... .......... 84% 28.9M 2s
210150K .......... .......... .......... .......... .......... 85% 71.5M 2s
210200K .......... .......... .......... .......... .......... 85% 80.7M 2s
210250K .......... .......... .......... .......... .......... 85% 76.1M 2s
210300K .......... .......... .......... .......... .......... 85% 67.9M 2s
210350K .......... .......... .......... .......... .......... 85% 35.2M 2s
210400K .......... .......... .......... .......... .......... 85% 74.4M 2s
210450K .......... .......... .......... .......... .......... 85% 18.1M 2s
210500K .......... .......... .......... .......... .......... 85% 20.8M 2s
210550K .......... .......... .......... .......... .......... 85% 29.1M 2s
210600K .......... .......... .......... .......... .......... 85% 24.0M 2s
210650K .......... .......... .......... .......... .......... 85% 80.0M 2s
210700K .......... .......... .......... .......... .......... 85%  111M 2s
210750K .......... .......... .......... .......... .......... 85%  568K 2s
210800K .......... .......... .......... .......... .......... 85% 36.9M 2s
210850K .......... .......... .......... .......... .......... 85% 57.7M 2s
210900K .......... .......... .......... .......... .......... 85% 42.7M 2s
210950K .......... .......... .......... .......... .......... 85% 79.0M 2s
211000K .......... .......... .......... .......... .......... 85% 42.8M 2s
211050K .......... .......... .......... .......... .......... 85% 59.4M 2s
211100K .......... .......... .......... .......... .......... 85% 55.5M 2s
211150K .......... .......... .......... .......... .......... 85% 49.9M 2s
211200K .......... .......... .......... .......... .......... 85%  102M 2s
211250K .......... .......... .......... .......... .......... 85% 88.6M 2s
211300K .......... .......... .......... .......... .......... 85%  105M 2s
211350K .......... .......... .......... .......... .......... 85%  121M 2s
211400K .......... .......... .......... .......... .......... 85% 86.1M 2s
211450K .......... .......... .......... .......... .......... 85% 35.0M 1s
211500K .......... .......... .......... .......... .......... 85% 37.7M 1s
211550K .......... .......... .......... .......... .......... 85%  120M 1s
211600K .......... .......... .......... .......... .......... 85% 96.4M 1s
211650K .......... .......... .......... .......... .......... 85% 36.7M 1s
211700K .......... .......... .......... .......... .......... 85% 98.6M 1s
211750K .......... .......... .......... .......... .......... 85% 55.0M 1s
211800K .......... .......... .......... .......... .......... 85% 72.8M 1s
211850K .......... .......... .......... .......... .......... 85% 71.9M 1s
211900K .......... .......... .......... .......... .......... 85% 56.3M 1s
211950K .......... .......... .......... .......... .......... 85% 61.2M 1s
212000K .......... .......... .......... .......... .......... 85%  107M 1s
212050K .......... .......... .......... .......... .......... 85% 42.0M 1s
212100K .......... .......... .......... .......... .......... 85% 63.4M 1s
212150K .......... .......... .......... .......... .......... 85% 39.2M 1s
212200K .......... .......... .......... .......... .......... 85% 84.3M 1s
212250K .......... .......... .......... .......... .......... 85% 83.5M 1s
212300K .......... .......... .......... .......... .......... 85% 89.2M 1s
212350K .......... .......... .......... .......... .......... 85% 49.2M 1s
212400K .......... .......... .......... .......... .......... 85% 70.7M 1s
212450K .......... .......... .......... .......... .......... 85% 42.4M 1s
212500K .......... .......... .......... .......... .......... 85% 91.2M 1s
212550K .......... .......... .......... .......... .......... 85% 28.8M 1s
212600K .......... .......... .......... .......... .......... 86% 37.1M 1s
212650K .......... .......... .......... .......... .......... 86% 98.0M 1s
212700K .......... .......... .......... .......... .......... 86% 78.8M 1s
212750K .......... .......... .......... .......... .......... 86% 61.5M 1s
212800K .......... .......... .......... .......... .......... 86% 30.1M 1s
212850K .......... .......... .......... .......... .......... 86% 61.0M 1s
212900K .......... .......... .......... .......... .......... 86% 63.4M 1s
212950K .......... .......... .......... .......... .......... 86% 64.1M 1s
213000K .......... .......... .......... .......... .......... 86% 76.5M 1s
213050K .......... .......... .......... .......... .......... 86% 52.1M 1s
213100K .......... .......... .......... .......... .......... 86% 72.6M 1s
213150K .......... .......... .......... .......... .......... 86% 48.0M 1s
213200K .......... .......... .......... .......... .......... 86% 47.2M 1s
213250K .......... .......... .......... .......... .......... 86% 75.7M 1s
213300K .......... .......... .......... .......... .......... 86% 29.3M 1s
213350K .......... .......... .......... .......... .......... 86% 36.2M 1s
213400K .......... .......... .......... .......... .......... 86% 63.5M 1s
213450K .......... .......... .......... .......... .......... 86% 66.5M 1s
213500K .......... .......... .......... .......... .......... 86% 38.0M 1s
213550K .......... .......... .......... .......... .......... 86% 58.5M 1s
213600K .......... .......... .......... .......... .......... 86% 84.5M 1s
213650K .......... .......... .......... .......... .......... 86% 73.1M 1s
213700K .......... .......... .......... .......... .......... 86%  114M 1s
213750K .......... .......... .......... .......... .......... 86% 60.5M 1s
213800K .......... .......... .......... .......... .......... 86% 22.3M 1s
213850K .......... .......... .......... .......... .......... 86% 34.0M 1s
213900K .......... .......... .......... .......... .......... 86% 29.6M 1s
213950K .......... .......... .......... .......... .......... 86% 11.3M 1s
214000K .......... .......... .......... .......... .......... 86% 55.9M 1s
214050K .......... .......... .......... .......... .......... 86% 26.3M 1s
214100K .......... .......... .......... .......... .......... 86% 31.5M 1s
214150K .......... .......... .......... .......... .......... 86% 61.1M 1s
214200K .......... .......... .......... .......... .......... 86% 89.5M 1s
214250K .......... .......... .......... .......... .......... 86% 72.5M 1s
214300K .......... .......... .......... .......... .......... 86% 93.6M 1s
214350K .......... .......... .......... .......... .......... 86% 67.4M 1s
214400K .......... .......... .......... .......... .......... 86% 44.8M 1s
214450K .......... .......... .......... .......... .......... 86% 19.3M 1s
214500K .......... .......... .......... .......... .......... 86% 28.2M 1s
214550K .......... .......... .......... .......... .......... 86% 19.6M 1s
214600K .......... .......... .......... .......... .......... 86% 18.7M 1s
214650K .......... .......... .......... .......... .......... 86% 91.0M 1s
214700K .......... .......... .......... .......... .......... 86%  107M 1s
214750K .......... .......... .......... .......... .......... 86%  567K 1s
214800K .......... .......... .......... .......... .......... 86% 70.5M 1s
214850K .......... .......... .......... .......... .......... 86% 42.8M 1s
214900K .......... .......... .......... .......... .......... 86% 79.2M 1s
214950K .......... .......... .......... .......... .......... 86% 31.8M 1s
215000K .......... .......... .......... .......... .......... 86% 50.4M 1s
215050K .......... .......... .......... .......... .......... 87% 84.4M 1s
215100K .......... .......... .......... .......... .......... 87% 42.3M 1s
215150K .......... .......... .......... .......... .......... 87% 49.7M 1s
215200K .......... .......... .......... .......... .......... 87% 95.2M 1s
215250K .......... .......... .......... .......... .......... 87% 88.6M 1s
215300K .......... .......... .......... .......... .......... 87% 73.7M 1s
215350K .......... .......... .......... .......... .......... 87% 80.3M 1s
215400K .......... .......... .......... .......... .......... 87% 73.7M 1s
215450K .......... .......... .......... .......... .......... 87% 43.5M 1s
215500K .......... .......... .......... .......... .......... 87% 77.1M 1s
215550K .......... .......... .......... .......... .......... 87% 84.5M 1s
215600K .......... .......... .......... .......... .......... 87% 87.2M 1s
215650K .......... .......... .......... .......... .......... 87% 44.0M 1s
215700K .......... .......... .......... .......... .......... 87% 56.0M 1s
215750K .......... .......... .......... .......... .......... 87% 94.0M 1s
215800K .......... .......... .......... .......... .......... 87% 65.0M 1s
215850K .......... .......... .......... .......... .......... 87% 67.0M 1s
215900K .......... .......... .......... .......... .......... 87% 79.3M 1s
215950K .......... .......... .......... .......... .......... 87% 72.0M 1s
216000K .......... .......... .......... .......... .......... 87% 73.7M 1s
216050K .......... .......... .......... .......... .......... 87% 81.8M 1s
216100K .......... .......... .......... .......... .......... 87% 44.2M 1s
216150K .......... .......... .......... .......... .......... 87% 41.0M 1s
216200K .......... .......... .......... .......... .......... 87% 77.7M 1s
216250K .......... .......... .......... .......... .......... 87% 65.5M 1s
216300K .......... .......... .......... .......... .......... 87% 67.7M 1s
216350K .......... .......... .......... .......... .......... 87% 68.6M 1s
216400K .......... .......... .......... .......... .......... 87% 49.9M 1s
216450K .......... .......... .......... .......... .......... 87% 75.4M 1s
216500K .......... .......... .......... .......... .......... 87%  106M 1s
216550K .......... .......... .......... .......... .......... 87% 32.8M 1s
216600K .......... .......... .......... .......... .......... 87% 31.9M 1s
216650K .......... .......... .......... .......... .......... 87% 75.3M 1s
216700K .......... .......... .......... .......... .......... 87% 73.0M 1s
216750K .......... .......... .......... .......... .......... 87% 69.0M 1s
216800K .......... .......... .......... .......... .......... 87% 21.9M 1s
216850K .......... .......... .......... .......... .......... 87% 94.2M 1s
216900K .......... .......... .......... .......... .......... 87% 75.7M 1s
216950K .......... .......... .......... .......... .......... 87% 73.4M 1s
217000K .......... .......... .......... .......... .......... 87% 64.0M 1s
217050K .......... .......... .......... .......... .......... 87% 36.0M 1s
217100K .......... .......... .......... .......... .......... 87% 78.3M 1s
217150K .......... .......... .......... .......... .......... 87% 76.9M 1s
217200K .......... .......... .......... .......... .......... 87% 41.4M 1s
217250K .......... .......... .......... .......... .......... 87% 68.2M 1s
217300K .......... .......... .......... .......... .......... 87% 63.0M 1s
217350K .......... .......... .......... .......... .......... 87% 49.8M 1s
217400K .......... .......... .......... .......... .......... 87% 49.6M 1s
217450K .......... .......... .......... .......... .......... 87% 36.1M 1s
217500K .......... .......... .......... .......... .......... 87% 26.5M 1s
217550K .......... .......... .......... .......... .......... 88%  105M 1s
217600K .......... .......... .......... .......... .......... 88% 81.5M 1s
217650K .......... .......... .......... .......... .......... 88% 62.0M 1s
217700K .......... .......... .......... .......... .......... 88% 63.9M 1s
217750K .......... .......... .......... .......... .......... 88% 69.4M 1s
217800K .......... .......... .......... .......... .......... 88% 28.7M 1s
217850K .......... .......... .......... .......... .......... 88% 78.7M 1s
217900K .......... .......... .......... .......... .......... 88% 36.1M 1s
217950K .......... .......... .......... .......... .......... 88% 12.1M 1s
218000K .......... .......... .......... .......... .......... 88% 19.6M 1s
218050K .......... .......... .......... .......... .......... 88% 40.3M 1s
218100K .......... .......... .......... .......... .......... 88% 28.7M 1s
218150K .......... .......... .......... .......... .......... 88% 56.9M 1s
218200K .......... .......... .......... .......... .......... 88% 61.7M 1s
218250K .......... .......... .......... .......... .......... 88% 88.2M 1s
218300K .......... .......... .......... .......... .......... 88% 65.6M 1s
218350K .......... .......... .......... .......... .......... 88% 78.3M 1s
218400K .......... .......... .......... .......... .......... 88% 34.4M 1s
218450K .......... .......... .......... .......... .......... 88% 21.0M 1s
218500K .......... .......... .......... .......... .......... 88% 39.2M 1s
218550K .......... .......... .......... .......... .......... 88% 21.3M 1s
218600K .......... .......... .......... .......... .......... 88% 16.6M 1s
218650K .......... .......... .......... .......... .......... 88% 74.6M 1s
218700K .......... .......... .......... .......... .......... 88%  569K 1s
218750K .......... .......... .......... .......... .......... 88% 74.0M 1s
218800K .......... .......... .......... .......... .......... 88% 40.7M 1s
218850K .......... .......... .......... .......... .......... 88% 42.5M 1s
218900K .......... .......... .......... .......... .......... 88% 69.0M 1s
218950K .......... .......... .......... .......... .......... 88% 39.4M 1s
219000K .......... .......... .......... .......... .......... 88% 40.7M 1s
219050K .......... .......... .......... .......... .......... 88% 82.9M 1s
219100K .......... .......... .......... .......... .......... 88% 62.7M 1s
219150K .......... .......... .......... .......... .......... 88% 73.6M 1s
219200K .......... .......... .......... .......... .......... 88% 82.1M 1s
219250K .......... .......... .......... .......... .......... 88% 34.7M 1s
219300K .......... .......... .......... .......... .......... 88% 45.5M 1s
219350K .......... .......... .......... .......... .......... 88% 87.4M 1s
219400K .......... .......... .......... .......... .......... 88% 77.4M 1s
219450K .......... .......... .......... .......... .......... 88% 58.9M 1s
219500K .......... .......... .......... .......... .......... 88% 70.8M 1s
219550K .......... .......... .......... .......... .......... 88% 39.9M 1s
219600K .......... .......... .......... .......... .......... 88% 76.4M 1s
219650K .......... .......... .......... .......... .......... 88% 78.2M 1s
219700K .......... .......... .......... .......... .......... 88% 20.8M 1s
219750K .......... .......... .......... .......... .......... 88%  110M 1s
219800K .......... .......... .......... .......... .......... 88%  108M 1s
219850K .......... .......... .......... .......... .......... 88% 78.7M 1s
219900K .......... .......... .......... .......... .......... 88% 65.4M 1s
219950K .......... .......... .......... .......... .......... 88% 85.3M 1s
220000K .......... .......... .......... .......... .......... 89%  104M 1s
220050K .......... .......... .......... .......... .......... 89% 87.5M 1s
220100K .......... .......... .......... .......... .......... 89% 92.7M 1s
220150K .......... .......... .......... .......... .......... 89% 80.7M 1s
220200K .......... .......... .......... .......... .......... 89% 88.0M 1s
220250K .......... .......... .......... .......... .......... 89% 56.3M 1s
220300K .......... .......... .......... .......... .......... 89% 99.4M 1s
220350K .......... .......... .......... .......... .......... 89% 57.0M 1s
220400K .......... .......... .......... .......... .......... 89% 80.3M 1s
220450K .......... .......... .......... .......... .......... 89% 76.0M 1s
220500K .......... .......... .......... .......... .......... 89% 87.0M 1s
220550K .......... .......... .......... .......... .......... 89% 28.1M 1s
220600K .......... .......... .......... .......... .......... 89% 78.7M 1s
220650K .......... .......... .......... .......... .......... 89% 35.8M 1s
220700K .......... .......... .......... .......... .......... 89% 56.1M 1s
220750K .......... .......... .......... .......... .......... 89% 84.8M 1s
220800K .......... .......... .......... .......... .......... 89% 32.0M 1s
220850K .......... .......... .......... .......... .......... 89% 37.0M 1s
220900K .......... .......... .......... .......... .......... 89% 78.3M 1s
220950K .......... .......... .......... .......... .......... 89% 74.0M 1s
221000K .......... .......... .......... .......... .......... 89% 62.8M 1s
221050K .......... .......... .......... .......... .......... 89% 72.5M 1s
221100K .......... .......... .......... .......... .......... 89% 54.6M 1s
221150K .......... .......... .......... .......... .......... 89% 43.3M 1s
221200K .......... .......... .......... .......... .......... 89% 73.1M 1s
221250K .......... .......... .......... .......... .......... 89% 53.9M 1s
221300K .......... .......... .......... .......... .......... 89% 88.7M 1s
221350K .......... .......... .......... .......... .......... 89% 63.0M 1s
221400K .......... .......... .......... .......... .......... 89% 38.8M 1s
221450K .......... .......... .......... .......... .......... 89% 35.3M 1s
221500K .......... .......... .......... .......... .......... 89% 27.8M 1s
221550K .......... .......... .......... .......... .......... 89% 75.2M 1s
221600K .......... .......... .......... .......... .......... 89% 70.6M 1s
221650K .......... .......... .......... .......... .......... 89% 67.7M 1s
221700K .......... .......... .......... .......... .......... 89% 74.3M 1s
221750K .......... .......... .......... .......... .......... 89% 43.1M 1s
221800K .......... .......... .......... .......... .......... 89% 97.7M 1s
221850K .......... .......... .......... .......... .......... 89% 46.3M 1s
221900K .......... .......... .......... .......... .......... 89% 36.7M 1s
221950K .......... .......... .......... .......... .......... 89% 16.0M 1s
222000K .......... .......... .......... .......... .......... 89% 18.9M 1s
222050K .......... .......... .......... .......... .......... 89% 10.2M 1s
222100K .......... .......... .......... .......... .......... 89%  111M 1s
222150K .......... .......... .......... .......... .......... 89% 85.2M 1s
222200K .......... .......... .......... .......... .......... 89%  111M 1s
222250K .......... .......... .......... .......... .......... 89%  103M 1s
222300K .......... .......... .......... .......... .......... 89% 40.7M 1s
222350K .......... .......... .......... .......... .......... 89% 77.1M 1s
222400K .......... .......... .......... .......... .......... 89% 76.7M 1s
222450K .......... .......... .......... .......... .......... 89% 84.1M 1s
222500K .......... .......... .......... .......... .......... 90% 18.5M 1s
222550K .......... .......... .......... .......... .......... 90% 35.6M 1s
222600K .......... .......... .......... .......... .......... 90% 15.2M 1s
222650K .......... .......... .......... .......... .......... 90% 45.5M 1s
222700K .......... .......... .......... .......... .......... 90%  565K 1s
222750K .......... .......... .......... .......... .......... 90% 71.9M 1s
222800K .......... .......... .......... .......... .......... 90% 44.6M 1s
222850K .......... .......... .......... .......... .......... 90% 34.3M 1s
222900K .......... .......... .......... .......... .......... 90% 79.1M 1s
222950K .......... .......... .......... .......... .......... 90% 45.8M 1s
223000K .......... .......... .......... .......... .......... 90% 37.5M 1s
223050K .......... .......... .......... .......... .......... 90% 40.1M 1s
223100K .......... .......... .......... .......... .......... 90% 71.2M 1s
223150K .......... .......... .......... .......... .......... 90% 59.5M 1s
223200K .......... .......... .......... .......... .......... 90% 61.2M 1s
223250K .......... .......... .......... .......... .......... 90% 75.0M 1s
223300K .......... .......... .......... .......... .......... 90% 86.1M 1s
223350K .......... .......... .......... .......... .......... 90% 51.6M 1s
223400K .......... .......... .......... .......... .......... 90% 85.7M 1s
223450K .......... .......... .......... .......... .......... 90% 46.1M 1s
223500K .......... .......... .......... .......... .......... 90% 89.4M 1s
223550K .......... .......... .......... .......... .......... 90% 61.5M 1s
223600K .......... .......... .......... .......... .......... 90% 29.1M 1s
223650K .......... .......... .......... .......... .......... 90% 84.7M 1s
223700K .......... .......... .......... .......... .......... 90% 48.8M 1s
223750K .......... .......... .......... .......... .......... 90% 77.7M 1s
223800K .......... .......... .......... .......... .......... 90% 79.2M 1s
223850K .......... .......... .......... .......... .......... 90% 87.3M 1s
223900K .......... .......... .......... .......... .......... 90% 59.9M 1s
223950K .......... .......... .......... .......... .......... 90% 88.4M 1s
224000K .......... .......... .......... .......... .......... 90% 72.8M 1s
224050K .......... .......... .......... .......... .......... 90%  105M 1s
224100K .......... .......... .......... .......... .......... 90% 45.5M 1s
224150K .......... .......... .......... .......... .......... 90% 83.0M 1s
224200K .......... .......... .......... .......... .......... 90% 80.5M 1s
224250K .......... .......... .......... .......... .......... 90% 94.7M 1s
224300K .......... .......... .......... .......... .......... 90% 81.4M 1s
224350K .......... .......... .......... .......... .......... 90% 36.9M 1s
224400K .......... .......... .......... .......... .......... 90% 75.1M 1s
224450K .......... .......... .......... .......... .......... 90% 64.8M 1s
224500K .......... .......... .......... .......... .......... 90% 71.6M 1s
224550K .......... .......... .......... .......... .......... 90% 73.1M 1s
224600K .......... .......... .......... .......... .......... 90% 49.0M 1s
224650K .......... .......... .......... .......... .......... 90% 34.1M 1s
224700K .......... .......... .......... .......... .......... 90% 81.5M 1s
224750K .......... .......... .......... .......... .......... 90% 64.1M 1s
224800K .......... .......... .......... .......... .......... 90% 31.9M 1s
224850K .......... .......... .......... .......... .......... 90% 32.6M 1s
224900K .......... .......... .......... .......... .......... 90% 83.0M 1s
224950K .......... .......... .......... .......... .......... 91% 43.8M 1s
225000K .......... .......... .......... .......... .......... 91% 78.6M 1s
225050K .......... .......... .......... .......... .......... 91% 71.9M 1s
225100K .......... .......... .......... .......... .......... 91% 49.6M 1s
225150K .......... .......... .......... .......... .......... 91% 51.5M 1s
225200K .......... .......... .......... .......... .......... 91% 71.0M 1s
225250K .......... .......... .......... .......... .......... 91% 42.0M 1s
225300K .......... .......... .......... .......... .......... 91% 78.1M 1s
225350K .......... .......... .......... .......... .......... 91% 84.6M 1s
225400K .......... .......... .......... .......... .......... 91% 84.0M 1s
225450K .......... .......... .......... .......... .......... 91% 31.7M 1s
225500K .......... .......... .......... .......... .......... 91% 29.2M 1s
225550K .......... .......... .......... .......... .......... 91% 41.2M 1s
225600K .......... .......... .......... .......... .......... 91% 70.7M 1s
225650K .......... .......... .......... .......... .......... 91% 66.9M 1s
225700K .......... .......... .......... .......... .......... 91% 96.8M 1s
225750K .......... .......... .......... .......... .......... 91% 16.1M 1s
225800K .......... .......... .......... .......... .......... 91% 67.1M 1s
225850K .......... .......... .......... .......... .......... 91% 85.2M 1s
225900K .......... .......... .......... .......... .......... 91% 89.9M 1s
225950K .......... .......... .......... .......... .......... 91%  124M 1s
226000K .......... .......... .......... .......... .......... 91% 21.3M 1s
226050K .......... .......... .......... .......... .......... 91% 13.7M 1s
226100K .......... .......... .......... .......... .......... 91% 32.2M 1s
226150K .......... .......... .......... .......... .......... 91% 23.7M 1s
226200K .......... .......... .......... .......... .......... 91% 63.1M 1s
226250K .......... .......... .......... .......... .......... 91% 83.1M 1s
226300K .......... .......... .......... .......... .......... 91% 76.3M 1s
226350K .......... .......... .......... .......... .......... 91% 33.9M 1s
226400K .......... .......... .......... .......... .......... 91% 88.3M 1s
226450K .......... .......... .......... .......... .......... 91% 32.9M 1s
226500K .......... .......... .......... .......... .......... 91% 94.7M 1s
226550K .......... .......... .......... .......... .......... 91% 35.4M 1s
226600K .......... .......... .......... .......... .......... 91% 24.8M 1s
226650K .......... .......... .......... .......... .......... 91% 16.6M 1s
226700K .......... .......... .......... .......... .......... 91%  564K 1s
226750K .......... .......... .......... .......... .......... 91% 23.2M 1s
226800K .......... .......... .......... .......... .......... 91%  127M 1s
226850K .......... .......... .......... .......... .......... 91% 27.6M 1s
226900K .......... .......... .......... .......... .......... 91%  124M 1s
226950K .......... .......... .......... .......... .......... 91% 53.4M 1s
227000K .......... .......... .......... .......... .......... 91% 45.2M 1s
227050K .......... .......... .......... .......... .......... 91% 84.1M 1s
227100K .......... .......... .......... .......... .......... 91% 48.3M 1s
227150K .......... .......... .......... .......... .......... 91% 75.0M 1s
227200K .......... .......... .......... .......... .......... 91% 22.8M 1s
227250K .......... .......... .......... .......... .......... 91%  102M 1s
227300K .......... .......... .......... .......... .......... 91% 31.5M 1s
227350K .......... .......... .......... .......... .......... 91% 91.1M 1s
227400K .......... .......... .......... .......... .......... 91% 86.6M 1s
227450K .......... .......... .......... .......... .......... 92% 89.1M 1s
227500K .......... .......... .......... .......... .......... 92% 78.4M 1s
227550K .......... .......... .......... .......... .......... 92% 84.2M 1s
227600K .......... .......... .......... .......... .......... 92% 93.9M 1s
227650K .......... .......... .......... .......... .......... 92% 23.8M 1s
227700K .......... .......... .......... .......... .......... 92%  102M 1s
227750K .......... .......... .......... .......... .......... 92% 95.2M 1s
227800K .......... .......... .......... .......... .......... 92% 69.3M 1s
227850K .......... .......... .......... .......... .......... 92% 74.5M 1s
227900K .......... .......... .......... .......... .......... 92% 91.8M 1s
227950K .......... .......... .......... .......... .......... 92% 85.0M 1s
228000K .......... .......... .......... .......... .......... 92% 76.3M 1s
228050K .......... .......... .......... .......... .......... 92% 84.0M 1s
228100K .......... .......... .......... .......... .......... 92% 87.2M 1s
228150K .......... .......... .......... .......... .......... 92% 35.2M 1s
228200K .......... .......... .......... .......... .......... 92% 80.1M 1s
228250K .......... .......... .......... .......... .......... 92% 89.9M 1s
228300K .......... .......... .......... .......... .......... 92% 84.0M 1s
228350K .......... .......... .......... .......... .......... 92% 91.8M 1s
228400K .......... .......... .......... .......... .......... 92% 71.0M 1s
228450K .......... .......... .......... .......... .......... 92% 87.4M 1s
228500K .......... .......... .......... .......... .......... 92% 42.1M 1s
228550K .......... .......... .......... .......... .......... 92% 63.4M 1s
228600K .......... .......... .......... .......... .......... 92% 88.3M 1s
228650K .......... .......... .......... .......... .......... 92% 49.3M 1s
228700K .......... .......... .......... .......... .......... 92% 41.6M 1s
228750K .......... .......... .......... .......... .......... 92% 75.8M 1s
228800K .......... .......... .......... .......... .......... 92% 22.2M 1s
228850K .......... .......... .......... .......... .......... 92% 80.4M 1s
228900K .......... .......... .......... .......... .......... 92% 58.8M 1s
228950K .......... .......... .......... .......... .......... 92% 62.1M 1s
229000K .......... .......... .......... .......... .......... 92% 65.0M 1s
229050K .......... .......... .......... .......... .......... 92% 45.4M 1s
229100K .......... .......... .......... .......... .......... 92% 66.5M 1s
229150K .......... .......... .......... .......... .......... 92% 89.0M 1s
229200K .......... .......... .......... .......... .......... 92% 44.8M 1s
229250K .......... .......... .......... .......... .......... 92% 76.5M 1s
229300K .......... .......... .......... .......... .......... 92% 71.0M 1s
229350K .......... .......... .......... .......... .......... 92% 29.6M 1s
229400K .......... .......... .......... .......... .......... 92% 88.2M 1s
229450K .......... .......... .......... .......... .......... 92% 82.6M 1s
229500K .......... .......... .......... .......... .......... 92% 36.7M 1s
229550K .......... .......... .......... .......... .......... 92% 22.9M 1s
229600K .......... .......... .......... .......... .......... 92% 73.0M 1s
229650K .......... .......... .......... .......... .......... 92% 75.9M 1s
229700K .......... .......... .......... .......... .......... 92% 75.9M 1s
229750K .......... .......... .......... .......... .......... 92% 68.0M 1s
229800K .......... .......... .......... .......... .......... 92% 46.3M 1s
229850K .......... .......... .......... .......... .......... 92% 24.0M 1s
229900K .......... .......... .......... .......... .......... 93% 78.3M 1s
229950K .......... .......... .......... .......... .......... 93% 95.9M 1s
230000K .......... .......... .......... .......... .......... 93% 28.5M 1s
230050K .......... .......... .......... .......... .......... 93% 19.1M 1s
230100K .......... .......... .......... .......... .......... 93% 20.7M 1s
230150K .......... .......... .......... .......... .......... 93% 26.5M 1s
230200K .......... .......... .......... .......... .......... 93% 27.5M 1s
230250K .......... .......... .......... .......... .......... 93% 83.6M 1s
230300K .......... .......... .......... .......... .......... 93% 38.4M 1s
230350K .......... .......... .......... .......... .......... 93% 70.8M 1s
230400K .......... .......... .......... .......... .......... 93% 76.8M 1s
230450K .......... .......... .......... .......... .......... 93% 36.6M 1s
230500K .......... .......... .......... .......... .......... 93% 86.5M 1s
230550K .......... .......... .......... .......... .......... 93% 24.5M 1s
230600K .......... .......... .......... .......... .......... 93% 28.1M 1s
230650K .......... .......... .......... .......... .......... 93% 30.0M 1s
230700K .......... .......... .......... .......... .......... 93%  559K 1s
230750K .......... .......... .......... .......... .......... 93% 16.5M 1s
230800K .......... .......... .......... .......... .......... 93% 69.5M 1s
230850K .......... .......... .......... .......... .......... 93% 97.3M 1s
230900K .......... .......... .......... .......... .......... 93% 31.9M 1s
230950K .......... .......... .......... .......... .......... 93%  104M 1s
231000K .......... .......... .......... .......... .......... 93% 28.8M 1s
231050K .......... .......... .......... .......... .......... 93% 99.4M 1s
231100K .......... .......... .......... .......... .......... 93% 45.7M 1s
231150K .......... .......... .......... .......... .......... 93%  106M 1s
231200K .......... .......... .......... .......... .......... 93% 55.6M 1s
231250K .......... .......... .......... .......... .......... 93% 42.8M 1s
231300K .......... .......... .......... .......... .......... 93% 40.7M 1s
231350K .......... .......... .......... .......... .......... 93% 50.9M 1s
231400K .......... .......... .......... .......... .......... 93% 66.4M 1s
231450K .......... .......... .......... .......... .......... 93% 51.0M 1s
231500K .......... .......... .......... .......... .......... 93%  106M 1s
231550K .......... .......... .......... .......... .......... 93% 86.6M 1s
231600K .......... .......... .......... .......... .......... 93% 49.4M 1s
231650K .......... .......... .......... .......... .......... 93%  105M 1s
231700K .......... .......... .......... .......... .......... 93% 66.2M 1s
231750K .......... .......... .......... .......... .......... 93% 45.5M 1s
231800K .......... .......... .......... .......... .......... 93% 59.4M 1s
231850K .......... .......... .......... .......... .......... 93% 75.7M 1s
231900K .......... .......... .......... .......... .......... 93% 77.5M 1s
231950K .......... .......... .......... .......... .......... 93% 48.6M 1s
232000K .......... .......... .......... .......... .......... 93% 50.6M 1s
232050K .......... .......... .......... .......... .......... 93% 85.3M 1s
232100K .......... .......... .......... .......... .......... 93% 63.0M 1s
232150K .......... .......... .......... .......... .......... 93% 75.0M 1s
232200K .......... .......... .......... .......... .......... 93% 59.1M 1s
232250K .......... .......... .......... .......... .......... 93% 38.3M 1s
232300K .......... .......... .......... .......... .......... 93% 98.5M 1s
232350K .......... .......... .......... .......... .......... 93% 88.7M 1s
232400K .......... .......... .......... .......... .......... 94% 75.6M 1s
232450K .......... .......... .......... .......... .......... 94% 58.3M 1s
232500K .......... .......... .......... .......... .......... 94% 89.2M 1s
232550K .......... .......... .......... .......... .......... 94% 92.4M 1s
232600K .......... .......... .......... .......... .......... 94% 92.2M 1s
232650K .......... .......... .......... .......... .......... 94% 82.4M 1s
232700K .......... .......... .......... .......... .......... 94% 72.7M 1s
232750K .......... .......... .......... .......... .......... 94% 33.1M 1s
232800K .......... .......... .......... .......... .......... 94% 70.2M 1s
232850K .......... .......... .......... .......... .......... 94% 31.3M 1s
232900K .......... .......... .......... .......... .......... 94% 76.8M 1s
232950K .......... .......... .......... .......... .......... 94% 81.8M 1s
233000K .......... .......... .......... .......... .......... 94% 55.7M 1s
233050K .......... .......... .......... .......... .......... 94% 47.5M 1s
233100K .......... .......... .......... .......... .......... 94% 81.6M 1s
233150K .......... .......... .......... .......... .......... 94% 39.5M 1s
233200K .......... .......... .......... .......... .......... 94% 61.3M 1s
233250K .......... .......... .......... .......... .......... 94% 60.8M 1s
233300K .......... .......... .......... .......... .......... 94% 75.9M 1s
233350K .......... .......... .......... .......... .......... 94% 47.4M 1s
233400K .......... .......... .......... .......... .......... 94% 67.7M 1s
233450K .......... .......... .......... .......... .......... 94% 46.5M 1s
233500K .......... .......... .......... .......... .......... 94% 84.8M 1s
233550K .......... .......... .......... .......... .......... 94% 33.6M 1s
233600K .......... .......... .......... .......... .......... 94% 25.8M 1s
233650K .......... .......... .......... .......... .......... 94%  108M 1s
233700K .......... .......... .......... .......... .......... 94% 76.0M 1s
233750K .......... .......... .......... .......... .......... 94% 63.2M 1s
233800K .......... .......... .......... .......... .......... 94% 30.5M 1s
233850K .......... .......... .......... .......... .......... 94% 34.8M 1s
233900K .......... .......... .......... .......... .......... 94% 62.3M 1s
233950K .......... .......... .......... .......... .......... 94% 97.5M 1s
234000K .......... .......... .......... .......... .......... 94% 51.4M 1s
234050K .......... .......... .......... .......... .......... 94% 20.8M 1s
234100K .......... .......... .......... .......... .......... 94% 19.7M 1s
234150K .......... .......... .......... .......... .......... 94% 48.5M 1s
234200K .......... .......... .......... .......... .......... 94% 13.8M 1s
234250K .......... .......... .......... .......... .......... 94% 65.8M 1s
234300K .......... .......... .......... .......... .......... 94% 83.3M 1s
234350K .......... .......... .......... .......... .......... 94% 48.2M 1s
234400K .......... .......... .......... .......... .......... 94% 59.7M 1s
234450K .......... .......... .......... .......... .......... 94% 36.5M 1s
234500K .......... .......... .......... .......... .......... 94% 65.3M 1s
234550K .......... .......... .......... .......... .......... 94% 38.0M 1s
234600K .......... .......... .......... .......... .......... 94% 81.7M 1s
234650K .......... .......... .......... .......... .......... 94% 16.8M 1s
234700K .......... .......... .......... .......... .......... 94% 56.2M 1s
234750K .......... .......... .......... .......... .......... 94%  549K 1s
234800K .......... .......... .......... .......... .......... 94% 45.7M 1s
234850K .......... .......... .......... .......... .......... 95% 45.4M 1s
234900K .......... .......... .......... .......... .......... 95% 40.1M 1s
234950K .......... .......... .......... .......... .......... 95% 26.8M 1s
235000K .......... .......... .......... .......... .......... 95% 65.1M 1s
235050K .......... .......... .......... .......... .......... 95% 78.9M 1s
235100K .......... .......... .......... .......... .......... 95% 71.3M 1s
235150K .......... .......... .......... .......... .......... 95% 65.9M 1s
235200K .......... .......... .......... .......... .......... 95% 87.8M 1s
235250K .......... .......... .......... .......... .......... 95% 75.8M 1s
235300K .......... .......... .......... .......... .......... 95% 50.5M 0s
235350K .......... .......... .......... .......... .......... 95% 59.1M 0s
235400K .......... .......... .......... .......... .......... 95% 58.0M 0s
235450K .......... .......... .......... .......... .......... 95% 11.9M 0s
235500K .......... .......... .......... .......... .......... 95%  115M 0s
235550K .......... .......... .......... .......... .......... 95% 88.8M 0s
235600K .......... .......... .......... .......... .......... 95%  123M 0s
235650K .......... .......... .......... .......... .......... 95%  127M 0s
235700K .......... .......... .......... .......... .......... 95% 94.5M 0s
235750K .......... .......... .......... .......... .......... 95% 64.4M 0s
235800K .......... .......... .......... .......... .......... 95% 62.7M 0s
235850K .......... .......... .......... .......... .......... 95% 64.4M 0s
235900K .......... .......... .......... .......... .......... 95% 95.2M 0s
235950K .......... .......... .......... .......... .......... 95% 81.2M 0s
236000K .......... .......... .......... .......... .......... 95%  101M 0s
236050K .......... .......... .......... .......... .......... 95% 96.0M 0s
236100K .......... .......... .......... .......... .......... 95% 86.9M 0s
236150K .......... .......... .......... .......... .......... 95% 80.3M 0s
236200K .......... .......... .......... .......... .......... 95% 88.1M 0s
236250K .......... .......... .......... .......... .......... 95% 78.1M 0s
236300K .......... .......... .......... .......... .......... 95% 75.1M 0s
236350K .......... .......... .......... .......... .......... 95% 69.2M 0s
236400K .......... .......... .......... .......... .......... 95% 54.1M 0s
236450K .......... .......... .......... .......... .......... 95% 47.5M 0s
236500K .......... .......... .......... .......... .......... 95% 73.1M 0s
236550K .......... .......... .......... .......... .......... 95% 78.4M 0s
236600K .......... .......... .......... .......... .......... 95% 78.5M 0s
236650K .......... .......... .......... .......... .......... 95% 95.3M 0s
236700K .......... .......... .......... .......... .......... 95% 71.2M 0s
236750K .......... .......... .......... .......... .......... 95% 41.2M 0s
236800K .......... .......... .......... .......... .......... 95% 69.7M 0s
236850K .......... .......... .......... .......... .......... 95% 26.3M 0s
236900K .......... .......... .......... .......... .......... 95% 49.8M 0s
236950K .......... .......... .......... .......... .......... 95% 45.2M 0s
237000K .......... .......... .......... .......... .......... 95%  110M 0s
237050K .......... .......... .......... .......... .......... 95%  104M 0s
237100K .......... .......... .......... .......... .......... 95% 37.9M 0s
237150K .......... .......... .......... .......... .......... 95%  108M 0s
237200K .......... .......... .......... .......... .......... 95% 35.2M 0s
237250K .......... .......... .......... .......... .......... 95% 89.1M 0s
237300K .......... .......... .......... .......... .......... 96% 64.0M 0s
237350K .......... .......... .......... .......... .......... 96% 63.1M 0s
237400K .......... .......... .......... .......... .......... 96% 51.8M 0s
237450K .......... .......... .......... .......... .......... 96% 87.2M 0s
237500K .......... .......... .......... .......... .......... 96% 83.9M 0s
237550K .......... .......... .......... .......... .......... 96% 42.7M 0s
237600K .......... .......... .......... .......... .......... 96% 28.5M 0s
237650K .......... .......... .......... .......... .......... 96% 31.7M 0s
237700K .......... .......... .......... .......... .......... 96%  101M 0s
237750K .......... .......... .......... .......... .......... 96% 92.3M 0s
237800K .......... .......... .......... .......... .......... 96% 29.4M 0s
237850K .......... .......... .......... .......... .......... 96% 65.4M 0s
237900K .......... .......... .......... .......... .......... 96% 36.0M 0s
237950K .......... .......... .......... .......... .......... 96% 38.0M 0s
238000K .......... .......... .......... .......... .......... 96% 74.7M 0s
238050K .......... .......... .......... .......... .......... 96% 35.2M 0s
238100K .......... .......... .......... .......... .......... 96% 25.0M 0s
238150K .......... .......... .......... .......... .......... 96% 21.1M 0s
238200K .......... .......... .......... .......... .......... 96% 19.2M 0s
238250K .......... .......... .......... .......... .......... 96% 36.4M 0s
238300K .......... .......... .......... .......... .......... 96% 56.7M 0s
238350K .......... .......... .......... .......... .......... 96% 29.9M 0s
238400K .......... .......... .......... .......... .......... 96% 86.2M 0s
238450K .......... .......... .......... .......... .......... 96% 78.7M 0s
238500K .......... .......... .......... .......... .......... 96% 48.1M 0s
238550K .......... .......... .......... .......... .......... 96% 33.4M 0s
238600K .......... .......... .......... .......... .......... 96% 96.9M 0s
238650K .......... .......... .......... .......... .......... 96% 46.2M 0s
238700K .......... .......... .......... .......... .......... 96% 16.8M 0s
238750K .......... .......... .......... .......... .......... 96%  558K 0s
238800K .......... .......... .......... .......... .......... 96% 29.3M 0s
238850K .......... .......... .......... .......... .......... 96% 77.3M 0s
238900K .......... .......... .......... .......... .......... 96% 36.8M 0s
238950K .......... .......... .......... .......... .......... 96% 88.7M 0s
239000K .......... .......... .......... .......... .......... 96% 23.5M 0s
239050K .......... .......... .......... .......... .......... 96% 76.5M 0s
239100K .......... .......... .......... .......... .......... 96% 70.7M 0s
239150K .......... .......... .......... .......... .......... 96% 56.8M 0s
239200K .......... .......... .......... .......... .......... 96% 63.8M 0s
239250K .......... .......... .......... .......... .......... 96% 59.1M 0s
239300K .......... .......... .......... .......... .......... 96% 40.5M 0s
239350K .......... .......... .......... .......... .......... 96% 54.3M 0s
239400K .......... .......... .......... .......... .......... 96% 67.8M 0s
239450K .......... .......... .......... .......... .......... 96% 44.8M 0s
239500K .......... .......... .......... .......... .......... 96% 64.7M 0s
239550K .......... .......... .......... .......... .......... 96% 78.1M 0s
239600K .......... .......... .......... .......... .......... 96% 42.8M 0s
239650K .......... .......... .......... .......... .......... 96% 90.4M 0s
239700K .......... .......... .......... .......... .......... 96% 83.3M 0s
239750K .......... .......... .......... .......... .......... 96% 77.5M 0s
239800K .......... .......... .......... .......... .......... 97% 27.5M 0s
239850K .......... .......... .......... .......... .......... 97% 73.0M 0s
239900K .......... .......... .......... .......... .......... 97% 83.5M 0s
239950K .......... .......... .......... .......... .......... 97% 44.8M 0s
240000K .......... .......... .......... .......... .......... 97%  110M 0s
240050K .......... .......... .......... .......... .......... 97%  107M 0s
240100K .......... .......... .......... .......... .......... 97% 72.1M 0s
240150K .......... .......... .......... .......... .......... 97% 88.4M 0s
240200K .......... .......... .......... .......... .......... 97% 79.2M 0s
240250K .......... .......... .......... .......... .......... 97% 48.9M 0s
240300K .......... .......... .......... .......... .......... 97% 76.2M 0s
240350K .......... .......... .......... .......... .......... 97%  114M 0s
240400K .......... .......... .......... .......... .......... 97% 38.7M 0s
240450K .......... .......... .......... .......... .......... 97% 46.9M 0s
240500K .......... .......... .......... .......... .......... 97% 81.6M 0s
240550K .......... .......... .......... .......... .......... 97% 77.4M 0s
240600K .......... .......... .......... .......... .......... 97% 63.5M 0s
240650K .......... .......... .......... .......... .......... 97% 68.7M 0s
240700K .......... .......... .......... .......... .......... 97% 77.2M 0s
240750K .......... .......... .......... .......... .......... 97% 60.8M 0s
240800K .......... .......... .......... .......... .......... 97% 65.1M 0s
240850K .......... .......... .......... .......... .......... 97% 25.4M 0s
240900K .......... .......... .......... .......... .......... 97% 60.0M 0s
240950K .......... .......... .......... .......... .......... 97% 71.3M 0s
241000K .......... .......... .......... .......... .......... 97% 50.2M 0s
241050K .......... .......... .......... .......... .......... 97% 71.0M 0s
241100K .......... .......... .......... .......... .......... 97% 65.3M 0s
241150K .......... .......... .......... .......... .......... 97% 84.7M 0s
241200K .......... .......... .......... .......... .......... 97% 34.2M 0s
241250K .......... .......... .......... .......... .......... 97% 58.1M 0s
241300K .......... .......... .......... .......... .......... 97% 59.6M 0s
241350K .......... .......... .......... .......... .......... 97% 88.2M 0s
241400K .......... .......... .......... .......... .......... 97% 59.5M 0s
241450K .......... .......... .......... .......... .......... 97% 71.3M 0s
241500K .......... .......... .......... .......... .......... 97% 69.8M 0s
241550K .......... .......... .......... .......... .......... 97% 55.6M 0s
241600K .......... .......... .......... .......... .......... 97% 27.5M 0s
241650K .......... .......... .......... .......... .......... 97% 42.5M 0s
241700K .......... .......... .......... .......... .......... 97% 44.4M 0s
241750K .......... .......... .......... .......... .......... 97% 37.5M 0s
241800K .......... .......... .......... .......... .......... 97% 84.2M 0s
241850K .......... .......... .......... .......... .......... 97% 30.3M 0s
241900K .......... .......... .......... .......... .......... 97% 81.9M 0s
241950K .......... .......... .......... .......... .......... 97% 47.2M 0s
242000K .......... .......... .......... .......... .......... 97% 55.8M 0s
242050K .......... .......... .......... .......... .......... 97% 38.7M 0s
242100K .......... .......... .......... .......... .......... 97% 33.3M 0s
242150K .......... .......... .......... .......... .......... 97% 22.4M 0s
242200K .......... .......... .......... .......... .......... 97% 27.0M 0s
242250K .......... .......... .......... .......... .......... 98% 12.8M 0s
242300K .......... .......... .......... .......... .......... 98% 87.6M 0s
242350K .......... .......... .......... .......... .......... 98% 88.1M 0s
242400K .......... .......... .......... .......... .......... 98% 40.3M 0s
242450K .......... .......... .......... .......... .......... 98% 62.5M 0s
242500K .......... .......... .......... .......... .......... 98% 87.0M 0s
242550K .......... .......... .......... .......... .......... 98% 52.7M 0s
242600K .......... .......... .......... .......... .......... 98% 75.2M 0s
242650K .......... .......... .......... .......... .......... 98% 30.7M 0s
242700K .......... .......... .......... .......... .......... 98% 21.8M 0s
242750K .......... .......... .......... .......... .......... 98%  566K 0s
242800K .......... .......... .......... .......... .......... 98% 14.7M 0s
242850K .......... .......... .......... .......... .......... 98% 60.9M 0s
242900K .......... .......... .......... .......... .......... 98% 30.4M 0s
242950K .......... .......... .......... .......... .......... 98% 72.6M 0s
243000K .......... .......... .......... .......... .......... 98% 36.9M 0s
243050K .......... .......... .......... .......... .......... 98% 17.4M 0s
243100K .......... .......... .......... .......... .......... 98% 89.2M 0s
243150K .......... .......... .......... .......... .......... 98%  108M 0s
243200K .......... .......... .......... .......... .......... 98%  122M 0s
243250K .......... .......... .......... .......... .......... 98% 97.8M 0s
243300K .......... .......... .......... .......... .......... 98% 90.7M 0s
243350K .......... .......... .......... .......... .......... 98% 84.4M 0s
243400K .......... .......... .......... .......... .......... 98%  100M 0s
243450K .......... .......... .......... .......... .......... 98% 34.9M 0s
243500K .......... .......... .......... .......... .......... 98% 52.3M 0s
243550K .......... .......... .......... .......... .......... 98% 75.6M 0s
243600K .......... .......... .......... .......... .......... 98% 53.2M 0s
243650K .......... .......... .......... .......... .......... 98% 51.1M 0s
243700K .......... .......... .......... .......... .......... 98% 48.7M 0s
243750K .......... .......... .......... .......... .......... 98% 62.2M 0s
243800K .......... .......... .......... .......... .......... 98% 77.4M 0s
243850K .......... .......... .......... .......... .......... 98% 66.0M 0s
243900K .......... .......... .......... .......... .......... 98% 78.3M 0s
243950K .......... .......... .......... .......... .......... 98% 81.0M 0s
244000K .......... .......... .......... .......... .......... 98% 70.4M 0s
244050K .......... .......... .......... .......... .......... 98% 51.5M 0s
244100K .......... .......... .......... .......... .......... 98% 60.7M 0s
244150K .......... .......... .......... .......... .......... 98% 87.2M 0s
244200K .......... .......... .......... .......... .......... 98% 81.2M 0s
244250K .......... .......... .......... .......... .......... 98% 34.3M 0s
244300K .......... .......... .......... .......... .......... 98% 87.0M 0s
244350K .......... .......... .......... .......... .......... 98% 64.2M 0s
244400K .......... .......... .......... .......... .......... 98% 90.2M 0s
244450K .......... .......... .......... .......... .......... 98% 51.5M 0s
244500K .......... .......... .......... .......... .......... 98% 70.3M 0s
244550K .......... .......... .......... .......... .......... 98% 68.8M 0s
244600K .......... .......... .......... .......... .......... 98% 71.5M 0s
244650K .......... .......... .......... .......... .......... 98% 65.3M 0s
244700K .......... .......... .......... .......... .......... 98% 70.4M 0s
244750K .......... .......... .......... .......... .......... 99% 56.0M 0s
244800K .......... .......... .......... .......... .......... 99% 50.5M 0s
244850K .......... .......... .......... .......... .......... 99% 51.0M 0s
244900K .......... .......... .......... .......... .......... 99% 76.5M 0s
244950K .......... .......... .......... .......... .......... 99% 34.7M 0s
245000K .......... .......... .......... .......... .......... 99% 59.3M 0s
245050K .......... .......... .......... .......... .......... 99% 37.5M 0s
245100K .......... .......... .......... .......... .......... 99% 90.1M 0s
245150K .......... .......... .......... .......... .......... 99%  106M 0s
245200K .......... .......... .......... .......... .......... 99% 43.4M 0s
245250K .......... .......... .......... .......... .......... 99% 43.3M 0s
245300K .......... .......... .......... .......... .......... 99% 43.2M 0s
245350K .......... .......... .......... .......... .......... 99% 78.6M 0s
245400K .......... .......... .......... .......... .......... 99% 71.6M 0s
245450K .......... .......... .......... .......... .......... 99% 69.5M 0s
245500K .......... .......... .......... .......... .......... 99% 77.7M 0s
245550K .......... .......... .......... .......... .......... 99% 66.1M 0s
245600K .......... .......... .......... .......... .......... 99% 57.6M 0s
245650K .......... .......... .......... .......... .......... 99% 41.2M 0s
245700K .......... .......... .......... .......... .......... 99% 34.3M 0s
245750K .......... .......... .......... .......... .......... 99% 25.7M 0s
245800K .......... .......... .......... .......... .......... 99% 42.9M 0s
245850K .......... .......... .......... .......... .......... 99% 47.2M 0s
245900K .......... .......... .......... .......... .......... 99% 13.5M 0s
245950K .......... .......... .......... .......... .......... 99%  115M 0s
246000K .......... .......... .......... .......... .......... 99% 87.4M 0s
246050K .......... .......... .......... .......... .......... 99% 93.0M 0s
246100K .......... .......... .......... .......... .......... 99% 93.3M 0s
246150K .......... .......... .......... .......... .......... 99% 78.4M 0s
246200K .......... .......... .......... .......... .......... 99% 19.4M 0s
246250K .......... .......... .......... .......... .......... 99% 12.9M 0s
246300K .......... .......... .......... .......... .......... 99% 31.9M 0s
246350K .......... .......... .......... .......... .......... 99% 71.6M 0s
246400K .......... .......... .......... .......... .......... 99% 68.9M 0s
246450K .......... .......... .......... .......... .......... 99% 73.3M 0s
246500K .......... .......... .......... .......... .......... 99% 84.6M 0s
246550K .......... .......... .......... .......... .......... 99% 72.6M 0s
246600K .......... .......... .......... .......... .......... 99% 62.4M 0s
246650K .......... .......... .......... .......... .......... 99% 25.2M 0s
246700K .......... .......... .......... .......... .......... 99% 84.8M 0s
246750K .......... .......... .......... .......... .......... 99%  560K 0s
246800K .......... .......... .......... .......... .......... 99% 19.6M 0s
246850K .......... .......... .......... .......... .......... 99% 23.2M 0s
246900K .......... .......... .......... .......... .......... 99% 28.8M 0s
246950K .......... .......... .......... .......... .......... 99% 90.2M 0s
247000K .......... .......... .......... .......... .......... 99% 67.2M 0s
247050K .......... .......... .......... .......... .......... 99% 19.9M 0s
247100K .......... .......... .......... .......... .......... 99% 81.7M 0s
247150K .......... .......... .......... .......... .......... 99% 46.7M 0s
247200K .......... .......... .......... ......               100% 3.69M=10s

2026-06-03 06:30:41 (23.3 MB/s) - 已保存 ‘babylm_data.zip’ [253170132/253170132])

